language,books,url,title,description,theme
eng,jud,https://youtu.be/6UoCmakZmys,Overview: Jude,"Watch our overview video on the book of Jude, which breaks down the literary design of the book and its flow of thought. In this book, Jude confronts corrupt teachers who distort the message about his brother Jesus and lead others astray.",New Testament
eng,rev,https://youtu.be/5nvVVcYD-0w,Overview: Revelation Ch. 1-11,"Watch our overview video on the book of Revelation, which breaks down the literary design of the book and its flow of thought. In Revelation, John's visions reveal that Jesus has overcome evil by his death and resurrection, and will return one day as the true king of the world.",New Testament
eng,rev,https://youtu.be/QpnIrbq2bKo,Overview: Revelation Ch. 12-22,"Watch our overview video on the book of Revelation, which breaks down the literary design of the book and its flow of thought. In Revelation, John's visions reveal that Jesus has overcome evil by his death and resurrection, and will return one day as the true king of the world.",New Testament
hin,OT,https://youtu.be/V2RNkOCjRRY,अवलोकन: पुराने नियम /तानाक,हम चाहते हैं कि आप बिना भटके या छोड़े पूरी बाइबल पढ़ें। हम बाइबल की हर पुस्तक का वीडियो उपलब्ध करते हैं जिसमें उसकी संरचना और योजना की रुपरेखा होती है और बताया जाता है कि वह कैसे सम्पूर्ण बाइबल की कहानी में उपयुक्त ठहरती है।,पुराना नियम
hin,gen,https://youtu.be/rhL-63rVmW0,अवलोकन: उत्पत्ति 1-11,"उत्पत्ति की पुस्तक पर बने हमारे ""बाइबल पढ़ें"" वीडियो देखें, जो पुस्तक की साहित्यिक रचना   और विचार के प्रवाह को विभाजित करता है। उत्पत्ति पुस्तक में, परमेश्वर उनकी निरंतर असफलता और मूर्खता के बावजूद, अब्राहम के परिवार के माध्यम से विद्रोही मानवता को आशीष देने का वादा करते है।",पुराना नियम
hin,gen,https://youtu.be/4nEOAbd1Lzg,अवलोकन: उत्पत्ति 12-50,"उत्पत्ति की पुस्तक पर बने हमारे "" बाइबल पढ़ें वीडियो""  देखें, जो पुस्तक की साहित्यिक रचना और विचार के प्रवाह को विभाजित करता हैं। उत्पत्ति पुस्तक में, परमेश्वर एक अच्छी दुनिया बनाकर मनुष्यो को राज्य करने के लिए प्रेरित करते हैं, लेकिन मनुष्य बुराई फैलाकर सब कुछ नष्ट कर देते हैं।",पुराना नियम
hin,exo,https://youtu.be/6CzYOcudkPU,अवलोकन: निर्गमन 1-18,"निर्गमन की पुस्तक पर बने हमारे ""बाइबल पढ़ें"" वीडियो देखें, जो पुस्तक की साहित्यिक रचना और विचार के प्रवाह को तोड़ते है। निर्गमन पुस्तक में, परमेश्वर ने इज़राइल के लोगो को मिस्र की गुलामी से बचाया और फिरौन की बुराई तथा अन्याय का सामना किया।",पुराना नियम
hin,exo,https://youtu.be/bDKKiIB1Y_8,अवलोकन: निर्गमन 19-40,"निर्गमन  की पुस्तक पर बने हमारे ""बाइबल पढ़ें"" वीडियो देखें, जो पुस्तक की साहित्यिक रचना और उसके विचारों के प्रवाह को विभाजित करता है। निर्गमन पुस्तक में, परमेश्वर इज़राइलियों को एक वाचा में आमंत्रित करते हैं और उनके बीच वास करने के लिए आते हैं, लेकिन इज़राइल विद्रोह करता है और सम्बन्धों को खंडित करता है।",पुराना नियम
hin,lev,https://youtu.be/FMmRxdjtA5c,अवलोकन: लैव्यव्यवस्था,"लैव्यव्यवस्था की पुस्तक पर बने हमारे ""बाइबिल पढ़े"" वीडियो देखें, जो पुस्तक की  साहित्यिक रचना और विचार के प्रवाह को तोड़ते है। लैव्यव्यवस्था पुस्तक में, इजरायल के पवित्र परमेश्वर  ने अनुष्ठानों और पवित्र संस्थानों की एक श्रृंखला के माध्यम से लोगो के पाप के बावजूद उन्हें अपनी उपस्थिति में रहने के लिए आमंत्रित किया।",पुराना नियम
hin,num,https://youtu.be/bjfZf8DRRSo,अवलोकन: गिनती,"गिनती की पुस्तक पर बने हमारे ""बाइबल पढ़ें"" वीडियो देखें, जो पुस्तक की साहित्यिक रचना और विचार के प्रवाह को विभाजित करता है। गिनती पुस्तक में, इज़राइल जंगल से होकर अब्राहम से प्रतिज्ञा किए गए देश के मार्ग पर यात्रा करता है। जहाँ उनके दोहराए विद्रोह की मुलाकात परमेश्वर के न्याय और दया से होती है।",पुराना नियम
eng,isa,https://youtu.be/_TzdEPuqgQg,Overview: Isaiah 40-66,"Watch our overview video on chapters 40-66 of the book of Isaiah, which breaks down the literary design of the book and its flow of thought. Isaiah announces that God’s judgment will purify Israel and prepare his people for the coming messianic king and the new Jerusalem.",Old Testament
hin,"ezr, neh",https://youtu.be/d3HmsTWbF7M,अवलोकन: एज्रा और नहेम्याह,"एज्रा और नहेम्याह की भविष्यद्क्ताओ पुस्तक पर बने हमारे ""बाइबल पढ़ें"" वीडियो देखें, जो प्रत्येक पुस्तक के विचार तथा साहित्यिक रचना को विभाजित करता है। इन पुस्तकों में, कई इज़राइली लोग निर्वासन के बाद यरूशलेम लौटते हैं और आत्मिक तथा नैतिक असफलताओं के साथ कुछ सफलता का सामना करते हैं।.",पुराना नियम
hin,deu,https://youtu.be/MNhQXSEY6d4,अवलोकन: व्यवस्था विवरण,"व्यवस्थाविवरण की पुस्तक पर बने हमारे ""बाइबल पढ़ें"" वीडियो देखें, जो पुस्तक की साहित्यिक रचना और उसके विचारों के प्रवाह को तोड़ती है। व्यवस्थाविवरण पुस्तक में, मूसा ने प्रतिज्ञा किए गए देश में प्रवेश करने से पहले इस्राएलियों को, परमेश्वर के प्रति वफादार रहने का आह्वान किया तथा ज्ञान और चेतावनी के अंतिम शब्द दिए। |",पुराना नियम
hin,jos,https://youtu.be/e4hxFLv-XaI,अवलोकन: यहोशू,"यहोशू की पुस्तक पर बने हमारे ""बाइबल पढ़ें"" वीडियो देखें, जो पुस्तक की साहित्यिक रचना और उसके विचारों के प्रवाह को विभाजित करता है। यहोशू पुस्तक में, मूसा की मृत्यु के बाद यहोशू ने इज़राइल की अगुवाई की और वे  प्रतिज्ञा किये गए देश में जाकर बस गए जो उस समय कनानियों के कब्ज़े में था।",पुराना नियम
hin,jdg,https://youtu.be/uXhHIrUcgjI,अवलोकन: न्यायियो,"न्यायियो की पुस्तक पर बने हमारे ""बाइबल पढ़ें"" वीडियो देखें, जो  पुस्तक की साहित्यिक रचना और विचार के प्रवाह को तोड़ती  है। न्यायियो पुस्तक में, इज़राइली परमेश्वर से दूर हो जाते हैं और इसके परिणामों का सामना करते हैं। परमेश्वर विद्रोह, पश्चाताप, और बहाली के चक्रों में न्यायियों को उठाते है।",पुराना नियम
hin,rut,https://youtu.be/1rveyG9PIg0,अवलोकन: रुत,"रूत की पुस्तक पर बने हमारे ""बाइबल पढ़ें"" वीडियो देखें, जो पुस्तक की साहित्यिक रचना और उसके विचारों के प्रवाह को विभाजित करता है। रूत पुस्तक में, एक इज़राइली परिवार को दुखद घटना का सामना करना पड़ता है और परमेश्वर एक गैर-इज़राइली महिला की वफादारी का उपयोग करके दाऊद के घराने को पुनः स्थापित करते हैं ।",पुराना नियम
hin,1sa,https://youtu.be/MU3HLa1UsL0,अवलोकन: 1 शमूएल,"1 शमूएल की पुस्तक पर बने हमारे ""बाइबल पढ़े""  वीडियो देखें, जो पुस्तक की साहित्यिक रचना और उसके विचारों के प्रवाह को तोड़ती है। 1 शमूएल पुस्तक में, परमेश्वर अनिच्छा से इस्राएलियों पर राज करने के लिए राजाओं को खड़ा करते हैं। पहला असफल रहता और उसके बदले दूसरा राजा, दाऊद, एक वफादार रहता है।",पुराना नियम
hin,2sa,https://youtu.be/iOS3O4ocVvg,अवलोकन: 2 शमूएल,"2 शमूएल की पुस्तक पर बने हमारे ""बाइबल पढ़ें"" वीडियो देखें, जो पुस्तक की साहित्यिक रचना और उसके विचारों के प्रवाह को विभाजित करता है। 2 शमूएल पुस्तक में, दाऊद परमेश्वर का सबसे वफादार राजा बन जाता है, लेकिन फिर उसके विद्रोह के परिणामस्वरूप उसके परिवार और साम्राज्य का धीरे-धीरे विनाश होने लगता है।",पुराना नियम
hin,"1ki, 2ki",https://youtu.be/fOVc6X7Jmbo,अवलोकन: 1-2 राजा,"1-2 राजाओं की पुस्तक पर बने हमारे ""बाइबल पढ़ें"" वीडियो देखें, जो पुस्तक की साहित्यिक रचना और उसके विचारों के प्रवाह को विभाजित करता है। राजाओं की पुस्तक में, दाउद का पुत्र सुलैमान इज़राइल को महानता के शिखर तक ले जाता है, लेकिन फिर असफल होता है और इज़राइल को गृहयुद्ध की दशा में ले जाता है, और अंततः उनका विनाश और निर्वासन हो जाता है।",पुराना नियम
eng,jer,https://youtu.be/RSK36cHbrk0,Overview: Jeremiah,"Watch our overview video on the book of Jeremiah, which breaks down the literary design of the book and its flow of thought. Jeremiah announces that God will judge Israel’s sins with an exile to Babylon. And then, he lives through the horror of his predictions.",Old Testament
hin,"1ch, 2ch",https://youtu.be/hWJE4EnAdhQ,अवलोकन: 1-2 इतिहास ,"1-2 इतिहास की पुस्तकों पर बने हमारे ""बाइबल पढ़ें"" वीडियो देखें, जो पुस्तक की साहित्यिक रचना और उसके विचारों के प्रवाह को विभाजित करता है। इतिहास की पुस्तक पुराने नियम की कहानी को दोहराती है, जो मसीहा राजा और एक नए मंदिर की भविष्य की आशा को उजागर करता है।",पुराना नियम
hin,lam,https://youtu.be/GxEOTUGm-Gk,अवलोकन: विलापगीत,"विलापगीत की पुस्तक पर बने  हमारे ""बाइबल पढ़ें"" वीडियो देखें, जो पुस्तक की साहित्यिक रचना और विचार के प्रवाह को विभाजित करता है। पुस्तक बेबीलोन द्वारा विनाश के बाद यरूशलेम के लिए दी गई पांच मृत्यु विलाप की कविताओं का संग्रह है।",पुराना नियम
hin,est,https://youtu.be/SZqFuGzGb6s,अवलोकन: एस्तेर,"एस्तेर की पुस्तक पर हमारे बने ""बाइबल पढ़ें"" वीडियो देखें, जो पुस्तक की  साहित्यिक रचना और उसके विचारों के प्रवाह को विभाजित करता है। एस्तेर पुस्तक में, परमेश्वर गोपनीय रूप से दो निर्वासित इस्राएलियों का उपयोग अपने लोगों को  विनाश से बचाने के लिए करते है। इसमें परमेश्वर के कार्यों का प्रत्यक्ष उल्लेख नहीं है!",पुराना नियम
hin,job,https://youtu.be/8FbCNUoW2HY,अवलोकन: अय्यूब,"अय्यूब की पुस्तक पर बने हमारे ""बाइबल पढ़ें"" वीडियो देखें, जो पुस्तक की  साहित्यिक रचना और उसके विचारों के प्रवाह को विभाजित करता है। अय्यूब की पुस्तक,  मानव दुखों की ओर परमेश्वर के रिश्ते के कठिन सवाल की पड़ताल करती है और हमें परमेश्वर के ज्ञान और चरित्र पर भरोसा करने के लिए आमंत्रित करती है।",पुराना नियम
hin,psa,https://youtu.be/tjL7fHXMIaI,अवलोकन: भजन संहिता,"भजन संहिता की पुस्तक पर बने हमारे "" बाइबल पढ़ें"" वीडियो देखें, जो पुस्तक की साहित्यिक रचना और विचार के प्रवाह को विभाजित करता है। भजन संहिता की पुस्तक को परमेश्वर के लोगों की प्रार्थना पुस्तक के रूप में रचा गया था जब वे मसीहा और उसके आने वाले राज्य की प्रतीक्षा कर रहे थे",पुराना नियम
hin,pro,https://youtu.be/KnGgYQoybzo,अवलोकन: नीतिवचन,"नीतिवचन की पुस्तक पर बने  हमारे ""बाइबल पढ़े "" वीडियो देखें, जो पुस्तक की साहित्यिक रचना और उसके विचारों के प्रवाह को विभाजित करता है । नीतिवचन की पुस्तक लोगों को अच्छे जीवन का अनुभव करने के लिए ज्ञान और परमेश्वर  के भय में रहने के लिए आमंत्रित करती है।",पुराना नियम
hin,ecc,https://youtu.be/NNqL96_70ik,अवलोकन: सभोपदेशक,"सभोपदेशक की पुस्तक पर बने हमारे ""बाइबल पढ़ें"" वीडियो देखें, जो पुस्तक की  साहित्यिक रचना और उसके विचारों के प्रवाह को विभाजित करता है। यह पुस्तक हमें मृत्यु और अनियमित अवसर तथा चुनौतियों का सामना करने के लिए मजबूर करती है जो  परमेश्वर की अच्छाई पर एक साधारण विश्वास के लिए तैयार करती हैं।",पुराना नियम
hin,sng,https://youtu.be/N_597MPgDwc,अवलोकन: श्रेष्ठगीत,"श्रेष्ठगीत पर बने हमारे """"बाइबल पढ़े"""" वीडियो देखें, जो पुस्तक की साहित्यिक रचना और उसके विचारों के प्रवाह को विभाजित करता है। श्रेष्ठगीत प्राचीन इज़राइली प्रेम कविताओं का संग्रह है जो परमेश्वर के द्वारा दिए गए प्रेम और यौन इच्छा की सुंदर और शक्तिशाली भेंट का गुणगान है।",पुराना नियम
hin,isa,https://youtu.be/B_e68mdact4,अवलोकन: यशायाह 1-39,"यशायाह की पुस्तक के पहले 39 अध्यायों पर बने हमारे ""बाइबल पढ़ें"" वीडियो देखें, जो पुस्तक की साहित्यिक रचना और उसके विचारों के प्रवाह को विभाजित करता है। यशायाह ने घोषणा की है कि परमेश्वर का न्याय इस्राएल को शुद्ध करेगा और आने वाले मसीही राजा और नए यरूशलेम के लिए अपने लोगों को तैयार करेगा।",पुराना नियम
hin,isa,https://youtu.be/FeDwb5L3jyY,अवलोकन: यशायाह 40-66,"यशायाह की पुस्तक के 40-66 अध्यायों पर बने हमारे ""बाइबल पढ़ें"" वीडियो देखें, जो पुस्तक की साहित्यिक रचना और उसके विचारों के प्रवाह को विभाजित करता है। यशायाह ने घोषणा की है कि परमेश्वर का न्याय इस्राएल को शुद्ध करेगा और आने वाले मसीही राजा और नए यरूशलेम के लिए अपने लोगों को तैयार करेगा।",पुराना नियम
hin,jer,https://youtu.be/ubIk_SUCKKE,अवलोकन: यिर्मयाह,"यिर्मयाह की पुस्तक पर बने हमारे """"बाइबल पढ़ें"""" वीडियो देखें, जो पुस्तक की  साहित्यिक रचना और उसके विचारों के प्रवाह को विभाजित करता है। यिर्मयाह घोषणा करता है कि परमेश्वर बेबीलोन के निर्वासन के साथ इस्राएल के पापों का न्याय करेगा। और फिर, वह अपने द्वारा की भविष्यवाणियों के डर से गुज़रता है।",पुराना नियम
hin,ezk,https://youtu.be/sZEHXarJzno,अवलोकन: यहेज्केल 1-33,"यहेज्केल की पुस्तक के पहले भाग पर बने हमारे""""बाइबल पढ़ें"""" वीडियो देखें, जो पुस्तक की साहित्यिक रचना और उसके विचारों के प्रवाह को विभाजित करता है। बेबीलोन में निर्वासन में, यहेजकेल दिखाता है कि इज़राइल इस दंड के लायक था और यह भी कि परमेश्वर का न्याय भविष्य के लिए आशा पैदा करता है।",पुराना नियम
hin,ezk,https://youtu.be/HLBQeNuLq3I,अवलोकन: यहेज्केल 34-48,"यहेजकेल की पुस्तक के दूसरे भाग पर बने हमारे""""बाइबल पढ़ें"""" वीडियो देखें, जो पुस्तक की साहित्यिक रचना और उसके विचारों के प्रवाह को विभाजित करता है। बेबीलोन में निर्वासन में, यहेजकेल दिखाता है कि इज़राइल इस दंड के लायक था और यह भी कि परमेश्वर का न्याय भविष्य के लिए आशा पैदा करता है।",पुराना नियम
hin,dan,https://youtu.be/y79L4cfNFc4,अवलोकन: दानिय्येल,"दानिय्येल की पुस्तक पर बने हमारे"" बाइबल पढ़ें"" वीडियो देखें, जो पुस्तक की  साहित्यिक रचना और उसके विचारों के प्रवाह को विभाजित करता है। बेबीलोन में निर्वासन के बावजूद दानिय्येल की कहानी परमेश्वर के प्रति विश्वासयोग्य रहने को प्रेरित करती है। उनके सपने आशा करते हैं कि परमेश्वर सभी राष्ट्रों को उनके शासन के अधीन लाएंगे।",पुराना नियम
hin,hos,https://youtu.be/CRFMkuep0Ek,अवलोकन: होशे,"होशे की पुस्तक पर बने हमारे""बाइबल पढ़ें"" वीडियो देखें, जो पुस्तक की साहित्यिक रचना और विचार के प्रवाह को विभाजित करता है। इस पुस्तक में, होशे ने इज़राइल पर परमेश्वर के साथ अपनी वाचा तोड़ने का आरोप लगाया और उसके परिणामस्वरूप दुखद परिणामों की चेतावनी दी।",पुराना नियम
hin,jol,https://youtu.be/7JI8NhShVZw,अवलोकन: योएल,"योएल की पुस्तक पर बने हमारे""""बाइबल पढ़ें"""" वीडियो देखें, जो पुस्तक की  साहित्यिक रचना और विचार के प्रवाह को विभाजित करता है। योएल """"परमेश्वर के दिन"""" को प्रतिबिंबित करता है और यह कि कैसे सच्चा पश्चाताप अन्य भविष्यवाणियों की पुस्तकों में की गई महान पुनः स्थापना की आशा को लाएगा।",पुराना नियम
hin,amo,https://youtu.be/fEy-g7npnq8,अवलोकन: आमोस,"आमोस की पुस्तक पर बने हमारे """"बाइबल पढ़ें"""" वीडियो देखें, जो पुस्तक की साहित्यिक रचना और विचार के प्रवाह को विभाजित करता है। इस पुस्तक में, आमोस ने इज़राइल पर परमेश्वर के साथ अपनी वाचा तोड़ने का आरोप लगाया और बताया कि उनकी मूर्तिपूजा ने अन्याय और गरीबों की कैसे उपेक्षा कैसे की है।",पुराना नियम
hin,oba,https://youtu.be/4zHALlMf6Co,अवलोकन: ओबादयाह,"ओबद्याह की पुस्तक पर बने हमारे""""बाइबल पढ़ें"""" वीडियो देखें, जो पुस्तक की साहित्यिक रचना और विचार के प्रवाह को विभाजित करता है। ओबद्याह ने बेबीलोन के हाथों एदोम के पतन की घोषणा की, जो एक प्रतीक के समान है कि कैसे परमेश्वर सभी घमंडी और हिंसक जातियों को गिराएगा।",पुराना नियम
hin,jon,https://youtu.be/jnr4VhXPMUw,अवलोकन: योना,"योना की पुस्तक पर बने हमारे ""बाइबल पढ़ें"" वीडियो देखें, जो पुस्तक की साहित्यिक रचना और उसके विचारों के प्रवाह को विभाजित करता है। योना की पुस्तक एक विद्रोही भविष्यद्वक्ता की एक क्रन्तिकारी कहानी है जो अपने दुश्मनों से प्रेम करने के लिए अपने परमेश्वर को गलत मानता है।",पुराना नियम
hin,mic,https://youtu.be/ylp7z7EQg48,अवलोकन: मीका,"मीका की पुस्तक पर बने हमारे """"बाइबल पढ़ें"""" वीडियो देखें, जो पुस्तक की साहित्यिक रचना और विचार के प्रवाह को विभाजित करता है। इस पुस्तक में, मीका ने घोषणा की कि इजरायल के पाप और निर्वासन के दूसरी तरफ प्रेम और वफादारी का नया भविष्य लेकर परमेश्वर का न्याय आ रहा है।",पुराना नियम
hin,nam,https://youtu.be/mHRIAT-v5t8,अवलोकन: नहूम,"नहूम की पुस्तक पर बने हमारे ""बाइबल पढ़ें"" पवित्रशास्त्र वीडियो देखें, जो पुस्तक की साहित्यिक रचना और विचार के प्रवाह को विभाजित करता है। इस पुस्तक में, नहूम ने निनवे और अश्शूर के पतन को चित्रित किया है कि कैसे परमेश्वर सभी हिंसक मानव साम्राज्यों का विरोध करेंगे और उन्हें नीचे लाएंगे।",पुराना नियम
hin,hab,https://youtu.be/Rtu8duvVyuo,अवलोकन: हबक्कूक,"हबक्कूक की पुस्तक पर बने हमारे""""बाइबल पढ़ें"""" वीडियो देखें, जो पुस्तक की साहित्यिक रचना और उसके विचारों के प्रवाह को विभाजित करता है। इस पुस्तक में, हबक्कूक दुनिया में बुराई और अन्याय के बीच में परमेश्वर की भलाई को समझने का प्रयास करता है।",पुराना नियम
hin,zep,https://youtu.be/44neBcu6RB4,अवलोकन: सपन्याह,"सपन्याह की पुस्तक पर बने हमारे""बाइबल पड़े"" वीडियो देखें, जो पुस्तक की साहित्यिक रचना और विचार के प्रवाह को विभाजित करता है। इस पुस्तक में, सपन्याह ने इस्राएल पर परमेश्वर के शुद्धिकरण के फैसले की घोषणा की। यह बुराई को दूर कर देगा और एक नया भविष्य उत्पन्न करेगा जहां सभी लोग शांति से रह सकते हैं।",पुराना नियम
hin,hag,https://youtu.be/DZAvBTZkx-4,अवलोकन: हाग्गै,"हाग्गै की पुस्तक पर बने हमारे ""बाइबल पढ़ें"" वीडियो देखें, जो पुस्तक की साहित्यिक रचना और उसके विचारों के प्रवाह को विभाजित करता है। इस पुस्तक में, हाग्गै ने निर्वासन के बाद इज़राइल को अपने परमेश्वर के प्रति विश्वासयोग्य रहने और मंदिर का पुनर्निर्माण करने का आह्वान किया।",पुराना नियम
hin,zec,https://youtu.be/WMH4HFGQWv0,अवलोकन: जकर्याह,"जकर्याह की पुस्तक पर बने हमारे""""बाइबल पढ़ें"""" वीडियो देखें, जो पुस्तक की साहित्यिक रचना और उसके विचारों के प्रवाह को विभाजित करता है। इस पुस्तक में, जकर्याह के दृष्टांतों ने मसीह के राज्य के भविष्य के वादे में आशा को बढ़ावा दिया और निर्वासन के बाद इज़राइल को परमेश्वर के प्रति विश्वासयोग्य रहने का आह्वान किया।",पुराना नियम
hin,mal,https://youtu.be/8tnUW8NrZNw,अवलोकन: मलाकी,"मलाकी की पुस्तक पर बने हमारे""""बाइबल पढ़ें"""" वीडियो देखें, जो पुस्तक की साहित्यिक रचना और विचार के प्रवाह को विभाजित करता है। इस पुस्तक में, मलाकी निर्वासन के बाद  इजरायल पर स्वार्थी होने आरोप लगाता है और घोषणा करता है कि परमेश्वर का दिन इस्राएल को शुद्ध करेगा और उन्हें परमेश्वर के राज्य के लिए तैयार करेगा।",पुराना नियम
hin,NT,https://youtu.be/IIBMk_Y1s2Y,अवलोकन: नए नियम,हम चाहते हैं कि आप बिना भटके या छोड़े पूरी बाइबल पढ़ें। हम बाइबल की हर पुस्तक का वीडियो उपलब्ध करते हैं जिसमें उसकी संरचना और योजना की रुपरेखा होती है और बताया जाता है कि वह कैसे सम्पूर्ण बाइबल की कहानी में उपयुक्त ठहरती है।,नया नियम
hin,mat,https://youtu.be/6BlA3f9MrsU,अवलोकन: मत्ती 1-13,"मत्ती की पुस्तक पर बने हमारे ""बाइबल पढ़ें"" वीडियो देखें, जो पुस्तक की साहित्यिक रचना और उसके विचारों के प्रवाह को विभाजित करता है। मत्ती पुस्तक में, यीशु धरती पर परमेश्वर के स्वर्गीय राज्य को लाते है और अपने चेलों को अपनी मृत्यु और पुनरुत्थान के द्वारा जीवन के एक नए मार्ग पर चलने को आमंत्रित करते है।",नया नियम
hin,mat,https://youtu.be/t1igXIOBaCI,अवलोकन: मत्ती 14-28,"मत्ती की पुस्तक पर बने हमारे ""बाइबल पढ़ें"" वीडियो देखें, जो पुस्तक की साहित्यिक रचना और उसके विचारों के प्रवाह को विभाजित करता है। मत्ती पुस्तक में, यीशु धरती पर परमेश्वर के स्वर्गीय राज्य को लाते है और अपने चेलों को अपनी मृत्यु और पुनरुत्थान के द्वारा जीवन के एक नए मार्ग पर चलने को आमंत्रित करते है।",नया नियम
hin,mrk,https://youtu.be/T4nFgWFAXlQ,अवलोकन: मरकुस,"मरकुस की पुस्तक पर बने हमारे ""बाइबल पढ़ें"" वीडियो देखें, जो पुस्तक की साहित्यिक रचना और उसके विचार के प्रवाह को विभाजित करता है। मरकुस दर्शाता है कि यीशु इजरायल के मसीहा है जो अपने दुख, मृत्यु और पुनरुत्थान के द्वारा परमेश्वर के राज्य की शुरुआत करता है।",नया नियम
hin,luk,https://youtu.be/5YyZqeFRwxQ,अवलोकन: लुका अध्याय 1-9,"लुका की पुस्तक पर बने हमारे ""बाइबल पढ़ें"" वीडियो देखें, जो पुस्तक की साहित्यिक रचना और उसके विचारों के प्रवाह को विभाजित करता है। लूका पुस्तक में, यीशु परमेश्वर और इज़राइल की वाचा की कहानी को चरम बिंदु पर ले जाता है और वह परमेश्वर के राज्य की खुशखबरी गरीबों और अमीरों को सुनाता है।",नया नियम
hin,luk,https://youtu.be/hY3DZ7010T0,अवलोकन: लुका अध्याय 10-24,"लुका की पुस्तक पर बने हमारे ""बाइबल पढ़ें"" वीडियो देखें, जो पुस्तक की साहित्यिक रचना और उसके विचारों के प्रवाह को विभाजित करता है। लूका पुस्तक में, यीशु परमेश्वर और इज़राइल की वाचा की कहानी को चरम बिंदु पर ले जाता है और वह परमेश्वर के राज्य की खुशखबरी गरीबों और अमीरों को सुनाता है।",नया नियम
hin,jhn,https://youtu.be/S9vgszI8w1A,अवलोकन: यूहन्ना 1-12,"यूहन्ना के सुसमाचार पर बने हमारे ""बाइबल पढ़ें"" वीडियो देखें, जो पुस्तक की साहित्यिक रचना और विचार के प्रवाह को विभाजित करता है। यूहन्ना पुस्तक में, इज़राइल के सृष्टिकर्ता परमेश्वर के रूप में यीशु ने मनुष्य देह्धारण किया, ताकि अपने प्रेम और अनन्त जीवन की भेंट को दुनिया के साथ साझा कर सके।",नया नियम
hin,jhn,https://youtu.be/sHwZfVIfwL0,अवलोकन: यूहन्ना 13-21,"यूहन्ना के सुसमाचार पर बने हमारे ""बाइबल पढ़ें"" वीडियो देखें, जो पुस्तक की साहित्यिक रचना और विचार के प्रवाह को विभाजित करता है। यूहन्ना पुस्तक में, इज़राइल के सृष्टिकर्ता परमेश्वर के रूप में यीशु ने मनुष्य देह्धारण किया, ताकि अपने प्रेम और अनन्त जीवन की भेंट को दुनिया के साथ साझा कर सके।",नया नियम
hin,act,https://youtu.be/KFeLcHZcBwE,अवलोकन: प्ररितो अध्याय 1-12,"प्ररितो की पुस्तक पर बने हमारे ""बाइबल पढ़ें"" वीडियो देखें, जो पुस्तक की साहित्यिक रचना और विचार के प्रवाह को विभाजित करता है। प्ररितो पुस्तक में, यीशु अपने चेलों को सशक्त बनाने के लिए पवित्र आत्मा को भेजते है कि वे उनके राज्य की खुशखबरी दुनिया सब जातियों को दें।",नया नियम
hin,act,https://youtu.be/AeBaq0tP0oQ,अवलोकन: प्ररितो अध्याय 13-28,"प्ररितो की पुस्तक पर बने हमारे ""बाइबल पढ़ें"" वीडियो देखें, जो पुस्तक की साहित्यिक रचना और विचार के प्रवाह को विभाजित करता है। प्ररितो पुस्तक में, यीशु अपने चेलों को सशक्त बनाने के लिए पवित्र आत्मा को भेजते है कि वे उनके राज्य की खुशखबरी दुनिया सब जातियों को दें।",नया नियम
hin,rom,https://youtu.be/LSSV01T6BPw,अवलोकन: रोमियों 1-4,"रोमियों की पुस्तक पर बने हमारे ""बाइबल पढ़ें"" वीडियो देखें, जो पुस्तक की साहित्यिक रचना और उसके विचारों के प्रवाह को विभाजित करता है। पौलुस दिखाता है कि कैसे यीशु ने अपनी मृत्यु,  पुनरुत्थान और पवित्र आत्मा को भेजने के द्वारा अब्राहम के नए वाचा परिवार को सृजा।",नया नियम
hin,rom,https://youtu.be/KdMDElO6P2s,अवलोकन: रोमियों अध्याय 5-16,"रोमियों की पुस्तक पर बने हमारे ""बाइबल पढ़ें"" वीडियो देखें, जो पुस्तक की साहित्यिक रचना और उसके विचारों के प्रवाह को विभाजित करता है। पौलुस दिखाता है कि कैसे यीशु ने अपनी मृत्यु,  पुनरुत्थान और पवित्र आत्मा को भेजने के द्वारा अब्राहम के नए वाचा परिवार को सृजा।",नया नियम
hin,1co,https://youtu.be/v4b7omHjtZw,अवलोकन: 1 कुरिंथियों,"1 कुरिंथियों की पुस्तक पर बने हमारे """"बाइबल पढ़ें"""" वीडियो देखें, जो पुस्तक की साहित्यिक रचना और उसके विचारों के प्रवाह को विभाजित करता है। 1 कुरिन्थियों की पुस्तक में, पौलुस कुरिंथ के नए मसीहियों को यह दिखाता है कि सुसमाचार के द्वारा जीवन की सबसे जटिल समस्याओं को देखा जा सकता है।",नया नियम
hin,2co,https://youtu.be/hlM18N3s12Q,अवलोकन: 2 कुरिंथियों,"2 कुरिंथियों की पुस्तक पर बने हमारे ""बाइबल पढ़ें"" वीडियो देखें, जो पुस्तक की साहित्यिक रचना और उसके विचारों के प्रवाह को विभाजित करता है। 2 कुरिन्थियों की पुस्तक में, पौलुस ने यह दिखाकर कुरिन्थियों के साथ अपने द्वन्द का समाधान करता है कि कैसे क्रूस पर चढ़ाये जाने से हमारी मूल्य प्रणाली उलट गई है।",नया नियम
hin,gal,https://youtu.be/EuOe5dHXEzY,अवलोकन: गलातियों,"गलातियों की पुस्तक पर बने हमारे ""बाइबल पढ़ें"" वीडियो देखें, जो पुस्तक की साहित्यिक रचना और उसके विचारों के प्रवाह को विभाजित करता है। गलातियों की पुस्तक में, पौलुस ने गलातियों के मसीहियों को चुनौती दी कि वे विवादास्पद तोरह की विधियों के पालन से अपनी कलीसिया को विभाजित न करे।",नया नियम
hin,eph,https://youtu.be/3uACRfj6HUs,अवलोकन: इफिसियों,"इफिसियों की पुस्तक पर बने हमारे ""बाइबल पढ़ें"" वीडियो देखें, जो पुस्तक की साहित्यिक रचना और उसके विचारों के प्रवाह को विभाजित करता है। इफिसियों की पुस्तक में, पौलुस दिखाता है कि शुभ संदेश कैसे जातीय रूप से विविध समुदायों को जो यीशु और एक दूसरे के प्रति समर्पण से एकीकृत हैं बनाता है।",नया नियम
hin,php,https://youtu.be/L6jSEa_lWzU,अवलोकन: फिलिप्पियों,"फिलिप्पियों की पुस्तक पर बने हमारे ""बाइबल पढ़ें"" वीडियो देखें, जो पुस्तक की साहित्यिक रचना और उसके विचारों के प्रवाह को विभाजित करता है। फिलिप्पियों की पुस्तक में, पौलुस फिलिप्पी मसीहियों को उनकी उदारता के लिए धन्यवाद देता है और बताता है कि कैसे उन्हें यीशु के आत्म- त्याग प्रेम के अनुकरण के लिए बुलाया गया है।",नया नियम
hin,col,https://youtu.be/2jCZ3YvZR0M,अवलोकन: कुलुस्सियों,"कुलुस्सियों की पुस्तक पर बने हमारे ""बाइबल पढ़ें"" वीडियो देखें, जो पुस्तक की साहित्यिक रचना और उसके विचारों के प्रवाह को विभाजित करता है। कुलुस्सियों की पुस्तक में, पौलुस ने सभी वास्तविकता के केंद्र के रूप में यीशु को देखने के लिए कुलुस्से के मसीहियों को प्रोत्साहित किया, जिससे वे अन्य धर्मों के दबाव में न आएं।",नया नियम
hin,1pe,https://youtu.be/yeW-xE3jQsY,अवलोकन: 1 पतरस,"1 पतरस पर बने हमारे ""बाइबल पढ़ें"" वीडियो देखें, जो पुस्तक की साहित्यिक रचना और उसके विचारों के प्रवाह को विभाजित करता है। पतरस सताव सह रहे मसीहियों को आशा देता है और लगातार यीशु के अनुसरण करते हुए जीने के व्यावहारिक निर्देश देता है तथा उनका मार्गदर्शन करता है।",नया नियम
hin,1th,https://youtu.be/ovQ1Fg4Oy6E,अवलोकन: 1 थिस्सलुनीकियों,"1 थिस्सलुनीकियों की पुस्तक पर बने हमारे ""बाइबिल पढ़ें"" वीडियो देखें, जो पुस्तक की साहित्यिक रचना और उसके विचारों के प्रवाह को तोड़ता है।1 थिस्सलुनीकियों पुस्तक में, पौलुस ने अत्याचार किये गए थिस्सलोनियन मसीहियों को भविष्य में राजा यीशु की वापसी की के विषय में आशा रखने के लिए निर्देशित किया जो सभी चीजों को ठीक करेंगे।",नया नियम
hin,2th,https://youtu.be/hbEAcSCvk_M,अवलोकन: 2 थिस्सलुनीकियो,"2 थिस्सलुनीकियो पर बने हमारे ""बाइबल पढ़ें"" वीडियो देखें, जो पुस्तक की साहित्यिक रचना और विचार के प्रवाह को विभाजित करता है। 2 थिस्सलुनीकियो की पुस्तक में, पौलुस यीशु की वापसी के विषय में अपनी पूर्व शिक्षाओं को स्पष्ट करता है और समुदाय में गड़बड़ी करने वाले मसीहियों को फटकारता है।",नया नियम
eng,num,https://youtu.be/tp5MIrMZFqo,Overview: Numbers,"Watch our overview video on the book of Numbers, which breaks down the literary design of the book and its flow of thought. In Numbers, Israel travels through the wilderness on the way to the land promised to Abraham. Their repeated rebellion is met by God’s justice and mercy.",Old Testament
hin,1ti,https://youtu.be/lfYKqiIZDAI,अवलोकन: 1 तीमुथियुस,"1 तीमुथियुस की पुस्तक पर बने हमारे ""बाइबल पढ़ें"" वीडियो देखें, जो पुस्तक की साहित्यिक रचना और उसके विचारों के प्रवाह को विभाजित करता है। 1 तीमुथियुस की पुस्तक में, पौलुस तीमुथियुस को बताता है कि वह कैसे इफिसुस की कलीसिया की व्यवस्था के आदेश और उद्देश्य को बहाल करे जिसमें झूठे शिक्षकों ने गड़बड़ी फैलाई हुई थी।",नया नियम
hin,2ti,https://youtu.be/sqSt2idSkZI,अवलोकन: 2 तीमुथियुस,"2 तीमुथियुस की पुस्तक पर बने हमारे ""बाइबल पढ़ें"" वीडियो देखें, जो पुस्तक की साहित्यिक रचना और उसके विचारों के प्रवाह को विभाजित करता है। 2 तीमुथियुस की पुस्तक में, पौलुस अपनी मृत्यु के निकट है और तीमुथियुस को व्यक्तिगत चुनौती देता है कि त्याग और जोखिम के बावजूद यीशु का अनुसरण करता रहे।",नया नियम
hin,tit,https://youtu.be/pGxVmP66S5o,अवलोकन: तीतुस,"तीतुस की पुस्तक पर बने हमारे ""बाइबल पढ़ें"" वीडियो देखें, जो पुस्तक की साहित्यिक रचना और उसके विचारों के प्रवाह को विभाजित करता है। तीतुस की पुस्तक में, पौलुस ने तीतुस को निर्देश देता है कि वह यह प्रदर्शित करे कि कैसे यीशु का शुभ संदेश और पवित्र आत्मा का सामर्थ्य क्रेती संस्कृति को भीतर से बदल सकता है।",नया नियम
hin,phm,https://youtu.be/dRiKFhvbDH4,अवलोकन: फिलेमोन,"फिलेमोन की पुस्तक पर बने हमारे ""बाइबल पढ़ें"" वीडियो देखें, जो पुस्तक की साहित्यिक रचना और उसके विचारों के प्रवाह को विभाजित करता है। इस पत्र में, पौलुस अपने मित्र फिलेमोन का उससे बचकर भागे हुए दास उनेसिमुस से मेल-मिलाप करवाने में मदद करता है और बताता है कि वे यीशु के कारण एक समान हैं।",नया नियम
hin,heb,https://youtu.be/2ly8LjGAUx0,अवलोकन: इब्रानियों,"इब्रानियों की पुस्तक पर बने हमारे ""बाइबल पढ़ें"" वीडियो देखें, जो पुस्तक की साहित्यिक रचना और उसके विचारों के प्रवाह को विभाजित करता है। इब्रानियों पुस्तक में, लेखक बताता है कि यीशु कैसे परमेश्वर के प्रेम और दया के परम प्रकाशन है और हमारी भक्ति के योग्य है।",नया नियम
hin,jas,https://youtu.be/a5QcmNj3Zbk,अवलोकन: याकूब,"याकूब की पुस्तक पर बने हमारे ""बाइबल पढ़ें"" वीडियो देखें, जो पुस्तक की साहित्यिक रचना और उसके विचारों के प्रवाह को विभाजित करता है। इस पुस्तक में, याकूब अपने भाई यीशु के ज्ञान को  नीतिवचन की पुस्तक के साथ जोड़ता है और परमेश्वर में पूरी भक्ति के साथ जीवन जीने का आह्वान करता है।",नया नियम
eng,lam,https://youtu.be/p8GDFPdaQZQ,Overview: Lamentations,"Watch our overview video on the book of Lamentations, which breaks down the literary design of the book and its flow of thought. The book itself is a collection of five funeral poems offered on behalf of Jerusalem after its destruction by Babylon.",Old Testament
hin,2pe,https://youtu.be/FBtIkW7zic4,अवलोकन: 2 पतरस,"2 पतरस पर हमारे बने हमारे ""बाइबिल पढ़ें"" वीडियो देखें, जो पुस्तक की साहित्यिक रचना और उसके विचारों के प्रवाह को तोड़ता है। 2 पतरस पुस्तक में, पतरस ने विश्वसनीयता की मांग की और भ्रष्ट शिक्षकों का सामना किया जिन्होंने यीशु के विषय में संदेश विकृत किया और दूसरों को भटकाया।",नया नियम
hin,"1jn, 2jn, 3jn",https://youtu.be/Dny-oYtgwdA,अवलोकन:1-3 यूहन्ना,"यूहन्ना की पुस्तक पर बने हमारे ""बाइबल पढ़ें"" वीडियो देखें, जो पुस्तक की साहित्यिक रचना और उसके विचारों के प्रवाह को विभाजित करता है। यूहन्ना ने यीशु के अनुयायियों को एक दूसरे से प्रेम रखने के द्वारा खुद को समर्पित करके परमेश्वर में अपने जीवन और प्रेम को साझा करने के लिए कहा।",नया नियम
hin,jud,https://youtu.be/CLhXtNaDYnA,अवलोकन: यहूदा,"यहूदा की पुस्तक पर बने हमारे ""बाइबल पढ़ें"" वीडियो देखें, जो पुस्तक की साहित्यिक रचना और उसके विचारों के प्रवाह को विभाजित करता है। इस पुस्तक में, यहूदा भ्रष्ट शिक्षकों का सामना करता है जो उसके भाई यीशु के संदेश को विकृत करते हैं और दूसरों को भटकाते हैं।",नया नियम
hin,rev,https://youtu.be/VygSwhYIum8,अवलोकन: प्रकाशितवाक्य अध्याय 1-11,"प्रकाशितवाक्य की पुस्तक पर बने हमारे ""बाइबल पढ़ें"" वीडियो देखें, जो पुस्तक की साहित्यिक रचना और उसके विचारों के प्रवाह को विभाजित करता है। प्रकाशितवाक्य में, यहून्ना का दर्शन प्रकट करता हैं कि यीशु ने अपनी मृत्यु और पुनरुत्थान से बुराई पर जाया पा ली है, और एक दिन वे दुनिया के सच्चे राजा के रूप में वापस आएंगे।",नया नियम
hin,rev,https://youtu.be/t8mITUvRB40,अवलोकन: प्रकाशितवाक्य अध्याय 12-22,"प्रकाशितवाक्य की पुस्तक पर बने हमारे ""बाइबल पढ़ें"" वीडियो देखें, जो पुस्तक की साहित्यिक रचना और उसके विचारों के प्रवाह को विभाजित करता है। प्रकाशितवाक्य में, यहून्ना का दर्शन प्रकट करता हैं कि यीशु ने अपनी मृत्यु और पुनरुत्थान से बुराई पर जाया पा ली है, और एक दिन वे दुनिया के सच्चे राजा के रूप में वापस आएंगे।",नया नियम
tel,OT,https://youtu.be/8sTlZftcsp4,సారాంశం: తనాక్ / పాత నిబంధన,"హీబ్రూ బైబిల్ లేక తనాక్ అని పిలిచే పాత నిబంధన పర్యావలోకనం వీడియో మొత్తం పాత నిబంధనలోని సాహిత్య నిర్మాణం, దాని ఆలోచనా సరళిని మనకు వెల్లడి చేస్తుంది.",లేఖనాలు చదవండి
tel,gen,https://youtu.be/Kcfj4k47PZg,సారాంశం: ఆదికాండం 1-12,"ఆదికాండం గ్రంథంపై లేఖన పఠన వీడియో ఈ గ్రంథం యొక్క సాహితీ నిర్మాణం, దాని ఆలోచన సరణిని వెల్లడి చేస్తుంది. ఆదికాండంలో వారి ఎడతెగని వైఫల్యాలు, బుద్ధి హీనతలకు అతీతంగా ఆ ఎదురాడే మానవాళిని అబ్రాహాము సంతానం ద్వారా దీవిస్తానని వాగ్దానం చేశాడు. మొదటి భాగం ఆదికాండం మొదటి 11 అధ్యాయాలు, రెండవ భాగం 12 నుండి 50 అధ్యాయాలు ధ్యానిస్తాయి.",లేఖనాలు చదవండి
tel,gen,https://youtu.be/IFsnq1EglLQ,సారాంశం: ఆదికాండం 12-50,"ఆదికాండం గ్రంథంపై లేఖన పఠన వీడియో ఈ గ్రంథం యొక్క సాహితీ నిర్మాణం, దాని ఆలోచన సరణిని వెల్లడి చేస్తుంది. ఆదికాండంలో వారి ఎడతెగని వైఫల్యాలు, బుద్ధి హీనతలకు అతీతంగా ఆ ఎదురాడే మానవాళిని అబ్రాహాము సంతానం ద్వారా దీవిస్తానని వాగ్దానం చేశాడు. మొదటి భాగం ఆదికాండం మొదటి 11 అధ్యాయాలు, రెండవ భాగం 12 నుండి 50 అధ్యాయాలు ధ్యానిస్తాయి.",లేఖనాలు చదవండి
tel,exo,https://youtu.be/7T5dQmEtITs,సారాంశం: నిర్గమకాండం గ్రంథం 1-18,"గ్రంథం యొక్క సాహిత్య రూపకల్పన మరియు ఆలోచన యొక్క ప్రవాహాన్ని విచ్ఛిన్నం చేసే ఇది ఎక్సోడస్ బుక్లో మా గ్రంథం వీడియోను చూడండి. ఎక్సోడస్ లో, దేవుడు ఇశ్రాయేలీయులను ఈజిప్టు బానిసత్వము నుండి రక్షిస్తాడు మరియు ఫరో యొక్క దుష్ట మరియు అన్యాయాలను ఎదుర్కుంటాడు.",లేఖనాలు చదవండి
tel,exo,https://youtu.be/YEuDb3KLENY,సారాంశం: నిర్గమకాండం గ్రంథం 19-40,"నిర్గమకాండంపై ఉన్న ఈ లేఖన పఠన వీడియో ఈ గ్రంథం యొక్క సాహితీ నిర్మాణం, దాని ఆలోచన సరణిని వెల్లడి చేస్తుంది. దేవుడు ఇశ్రాయేలీయుల్ని ఒక నిబంధన లోకి పిలిచి ప్రత్యక్ష గుడారంలో వారి మధ్య నివసించాడు. అయితే ఇశ్రాయేలీయులు తిరుగుబాటు చేసి ఆ సంబంధాన్ని పాడు చేశారు. రెండవ భాగం 19 నుండి 40 అధ్యాయాలను పరిశీలిస్తుంది.",లేఖనాలు చదవండి
tel,heb,https://youtu.be/xoljkMu4qH4,సారాంశం: హెబ్రీయులకు రాసిన పత్రిక,"ఈ లేఖన పఠనం వీడియో ఈ పత్రిక యొక్క సాహితీ నిర్మాణం, దాని ఆలోచన సరణిని వెల్లడి చేస్తుంది. హెబ్రీ పత్రికలో ఏవిధంగా యేసు దేవుని ప్రేమ, కనికరాల అంతిమ ప్రత్యక్షత అనీ ఆయన మన ఆరాధనకు పాత్రుడనీ స్పష్టం చేశాడు.",లేఖనాలు చదవండి
tel,lev,https://youtu.be/dWjKg4UY6hQ,సారాంశం: లేవీయకాండం,"లేవీయకాండంపై ఉన్న ఈ లేఖన పఠన వీడియో ఈ గ్రంథం యొక్క సాహితీ నిర్మాణం, దాని ఆలోచన సరణిని వెల్లడి చేస్తుంది. లేవీకాండం లో ప్రజలు పాపం చేసినప్పటికీ వివిధ రకాల ఆచారాలు, శుద్ధీకరణ ప్రక్రియల ద్వారా తన సన్నిధిలో నివసించమని దేవుడు వారిని ఆహ్వానించాడు.",లేఖనాలు చదవండి
tel,num,https://youtu.be/pmY3PM5ai-M,సారాంశం: సంఖ్యాకాండం గ్రంథం,"సంఖ్యాకాండంపై ఉన్న ఈ లేఖన పఠన వీడియో ఈ గ్రంథం యొక్క సాహితీ నిర్మాణం, దాని ఆలోచన సరణిని వెల్లడి చేస్తుంది. అబ్రాహాముకు వాగ్దానం చేసిన దేశానికి ప్రయాణమై ఇశ్రాయేలీయులు అరణ్యం గుండా ప్రయాణించారు. వారు పదే పదే చేసిన తిరుగుబాటులకు దేవుడు వారిని శిక్షించాడు.",లేఖనాలు చదవండి
tel,deu,https://youtu.be/T3KIuckOHY0,సారాంశం: ద్వితీయోపదేశ కాండం గ్రంథం,"ద్వితీయోపదేశకాండంపై ఉన్న ఈ లేఖన పఠన వీడియో ఈ గ్రంథం యొక్క సాహితీ నిర్మాణం, దాని ఆలోచన సరణిని వెల్లడి చేస్తుంది. ఈ గ్రంథంలో ఇశ్రాయేలీయులు తమ వాగ్దాన దేశంలో ప్రవేశింపక ముందు మోషే వారికి తన చివరి జ్ఞాన వాక్కులు, హెచ్చరికలు వినిపించి దేవునికి నమ్మకస్తులుగా జీవించమని వారిని సవాలు చేశాడు.",లేఖనాలు చదవండి
tel,jos,https://youtu.be/EbsbdBmd9YM,సారాంశం: యెహోషువ,"యెహోషువ గ్రంథంపై ఉన్న ఈ లేఖన పఠన వీడియో ఈ గ్రంథం యొక్క సాహితీ నిర్మాణం, దాని ఆలోచన సరణిని వెల్లడి చేస్తుంది. మోషే మరణించిన తరవాత యెహోషువ ఇశ్రాయేలును అప్పటివరకు కనానీయుల స్వాధీనంలో ఉన్న వాగ్దానదేశాన్ని స్వాధీనం చేసుకొని అందులో స్థిరపడడంలో నడిపించాడు.",లేఖనాలు చదవండి
tel,jdg,https://youtu.be/LG-ADVy3gow,సారాంశం: న్యాయాధిపతులు గ్రంథం,"న్యాయాధిపతులు గ్రంథంపై ఉన్న ఈ లేఖన పఠన వీడియో ఈ గ్రంథం యొక్క సాహితీ నిర్మాణం, దాని ఆలోచన సరణిని వెల్లడి చేస్తుంది. ఈ గ్రంథంలో ఇశ్రాయేలీయులు దేవునినుండి తిరిగిపోయి దాని ఫలితాలు అనుభవించారు. దేవుడు న్యాయాధిపతులను లేపి వారిని తిరుగుబాటు, పశ్చాత్తాపం, పునరుద్ధరణ అనే చక్రంలో నడిపించాడు.",లేఖనాలు చదవండి
tel,rut,https://youtu.be/V29nFaIDysc,సారాంశం: రూతు గ్రంథం,"రూతు గ్రంథంపై ఉన్న ఈ లేఖన పఠన వీడియో ఈ గ్రంథం యొక్క సాహితీ నిర్మాణం, దాని ఆలోచన సరణిని వెల్లడి చేస్తుంది. ఈ గ్రంథంలో ఒక ఇశ్రాయేలు కుటుంబం విషాదకరమైన నష్టాన్ని ఎదుర్కొంది. ఒక అన్యురాలైన స్త్రీని వాడుకొని దేవుడు దావీదు కుటుంబాన్ని పునరుద్ధరించాడు.",లేఖనాలు చదవండి
tel,1sa,https://youtu.be/XMbiKv9tApc,సారాంశం: సమూయేలు 1వ గ్రంథం,"1 సమూయేలు గ్రంథంపై ఉన్న ఈ లేఖన పఠన వీడియో ఈ గ్రంథం యొక్క సాహితీ నిర్మాణం, దాని ఆలోచన సరణిని వెల్లడి చేస్తుంది. ఈ గ్రంథంలో దేవుడు ఇశ్రాయేలీయుల్ని పాలించడానికి అయిష్టంగానే రాజులను లేవదీశాడు. మొదటి రాజు విఫలం చెందాడు గాని, రెండవ రాజైన దావీదు నమ్మకమైన వాడు.",లేఖనాలు చదవండి
tel,2sa,https://youtu.be/zWSRHU9CDQs,సారాంశం: సమూయేలు 2వ గ్రంథం,"2 సమూయేలు గ్రంథంపై ఉన్న ఈ లేఖన పఠన వీడియో ఈ గ్రంథం యొక్క సాహితీ నిర్మాణం, దాని ఆలోచన సరణిని వెల్లడి చేస్తుంది. ఈ గ్రంథంలో దావీదు దేవునికి అత్యంత నమ్మకమైన రాజుగా ఉన్నాడు. కానీ ఒకసారి తిరుగుబాటు చేయడంతో అది తన కుటుంబం, రాజ్యం నెమ్మదిగా పతనం కావడానికి కారణం అయ్యింది.",లేఖనాలు చదవండి
tel,isa,https://youtu.be/g_SzMeUv9bo,సారాంశం: యెషయా గ్రంథం 1-39,"యెషయా గ్రంథంపై ఉన్న ఈ లేఖన పఠన వీడియోలు ఈ గ్రంథం యొక్క సాహితీ నిర్మాణం, దాని ఆలోచన సరణిని వెల్లడి చేస్తున్నాయి. దేవుని తీర్పు లేక శిక్ష ఇశ్రాయేలును పవిత్రపరచి తన ప్రజలను రాబోతున్న మెస్సీయ రాజు కోసం నూతన యెరూషలేము కోసం సిద్ధపరుస్తుందని యెషయా ప్రకటించాడు.",లేఖనాలు చదవండి
tel,"1ki, 2ki",https://youtu.be/0V_Z1mB3jcw,సారాంశం: 1-2 రాజులు,"1,2 రాజులు గ్రంథంపై ఉన్న ఈ లేఖన పఠన వీడియో ఈ గ్రంథం యొక్క సాహితీ నిర్మాణం, దాని ఆలోచన సరణిని వెల్లడి చేస్తుంది. దావీదు కుమారుడైన సొలోమోను ఇశ్రాయేలీయుల్ని ఉన్నతమైన స్థితికి చేర్చాడు. అయితే అతడు కూడా చివరిలో విఫలమై ఇశ్రాయేలీయులు అంతర్యుద్ధంలోకీ, ఆ తర్వాత అంతిమంగా వినాశనానికీ, చెరలోకి వెళ్ళడానికి కారణమయ్యాడు.",లేఖనాలు చదవండి
tel,"1ch, 2ch",https://youtu.be/nuwhaHMsJjg,సారాంశం: దిన వృత్తాంతాలు,"1-2 దిన వృత్తాంతాలు గ్రంథంపైని ఈ లేఖన పఠన వీడియో ఈ గ్రంథం యొక్క సాహితీ నిర్మాణం, దాని ఆలోచన సరణిని వెల్లడి చేస్తుంది. దినవృత్తాంతాలు గ్రంథం పాత నిబంధన గ్రంథం కథ అంతటినీ తిరిగి చెప్పింది. దానితోబాటు మెస్సీయ రాజులో, పునరుద్ధరించిన మందిరంలో భవిష్యత్తు నిరీక్షణను నొక్కి చెప్పింది.",లేఖనాలు చదవండి
tel,"ezr, neh",https://youtu.be/GN1r_m9QYjc,సారాంశం: ఎజ్రా-నెహెమ్యా గ్రంథాలు,"ఎజ్రా నెహెమ్యా గ్రంథాలపై ఉన్న ఈ లేఖన పఠన వీడియో ఈ గ్రంథాల యొక్క సాహితీ నిర్మాణం, దాని ఆలోచన సరణిని వెల్లడి చేస్తుంది. ఈ గ్రంథాల్లో అనేకమంది ఇశ్రాయేలీయులు చెరనుండి యెరూషలేముకు తిరిగి వచ్చి వివిధ రకాల ఆధ్యాత్మిక, నైతిక వైఫల్యాలు ఉన్నప్పటికీ కొంత వరకు విజయాలు సాధించారు.",లేఖనాలు చదవండి
tel,est,https://youtu.be/M-ZW7Eu_r4k,సారాంశం: ఎస్తేరు,"ఎస్తేరు గ్రంథంపై ఉన్న ఈ లేఖన పఠన వీడియో ఈ గ్రంథం యొక్క సాహితీ నిర్మాణం, దాని ఆలోచన సరణిని వెల్లడి చేస్తుంది. ఎస్తేరు గ్రంథంలో దేవుడు చెరలో ఉన్న ఇద్దరు ఇశ్రాయేలీయ వ్యక్తులను ఉపయోగించుకొని తన ప్రజలను నిశ్చితమైన వినాశనం నుండి కాపాడాడు. ఈ గ్రంథంలో దేవుడు, ఆయన పని గురించిన ప్రస్తావన నేరుగా కనిపించదు.",లేఖనాలు చదవండి
tel,job,https://youtu.be/642R0IbWwtw,సారాంశం: యోబు,"యోబు గ్రంథంపై ఉన్న ఈ లేఖన పఠన వీడియో ఈ గ్రంథం యొక్క సాహితీ నిర్మాణం, దాని ఆలోచన సరణిని వెల్లడి చేస్తుంది. మానవుని బాధలకు దేవునికి ఉన్న సంబంధం అనే సంక్లిష్టమైన అంశాన్ని యోబు పరిశోధించాడు. చివరికి దేవుని జ్ఞానాన్ని, ఆయన లక్షణాలను విశ్వసించి ఆయనలో నమ్మకముంచ వలసిందిగా మనల్ని ప్రోత్సహించాడు.",లేఖనాలు చదవండి
tel,psa,https://youtu.be/VZ5NPOd8bzw,సారాంశం: కీర్తనలు,"కీర్తనలు గ్రంథంపై ఉన్న ఈ లేఖన పఠన వీడియో ఈ గ్రంథం యొక్క సాహితీ నిర్మాణం, దాని ఆలోచన సరణిని వెల్లడి చేస్తుంది. దేవుని ప్రజలు ఆయన మెస్సీయ కోసం, ఆయన రాజ్యం కోసం కనిపెడుతూ ఉండగా కీర్తనలు గ్రంథం వారికి ఒక ప్రార్థనా గ్రంథంగా ఉపయోగపడింది.",లేఖనాలు చదవండి
eng,ezk,https://youtu.be/R-CIPu1nko8,Overview: Ezekiel 1-33,"Watch our overview video on the first part of the book of Ezekiel, which breaks down the literary design of the book and its flow of thought. Among the exiles in Babylon, Ezekiel shows that Israel deserved this judgment, and also that God’s justice creates hope for the future.",Old Testament
tel,pro,https://youtu.be/h0_EPL66zLk,సారాంశం: సామెతలు,"సామెతలు గ్రంథంపై ఉన్న ఈ లేఖన పఠన వీడియో ఈ గ్రంథం యొక్క సాహితీ నిర్మాణం, దాని ఆలోచన సరణిని వెల్లడి చేస్తుంది. ఈ వీడియో యేసు కథలో దాని పాత్రను గ్రహించడానికి మీకు సహాయపడుతుంది. అదే సమయంలో అది బైబిల్ సమగ్ర చట్రంలో పని చేసింది.",లేఖనాలు చదవండి
tel,ecc,https://youtu.be/br3-VpyniJc,సారాంశం: ప్రసంగి,"ప్రసంగి గ్రంథంపై ఉన్న ఈ లేఖన పఠన వీడియో ఈ గ్రంథం యొక్క సాహితీ నిర్మాణం, దాని ఆలోచన సరణిని వెల్లడి చేస్తుంది. ఈ గ్రంథం మరణాన్నీ, అనూహ్యమైన సంగతులనూ, దేవుని మంచితనంపై మనకున్న సరళమైన నమ్మకానికి అవి చూపే సవాళ్ళను ఎదుర్కొనేలా మనల్ని బలవంతం చేస్తుంది.",లేఖనాలు చదవండి
tel,sng,https://youtu.be/bJNOvuoihOc,సారాంశం: పరమగీతం,"పరమగీతం అనే గ్రంథంపై ఉన్న ఈ లేఖన పఠన వీడియో ఈ గ్రంథం యొక్క సాహితీ నిర్మాణం, దాని ఆలోచన సరణిని వెల్లడి చేస్తుంది. ఇది ప్రాచీన ఇశ్రాయేలు ప్రేమ గీతాల సంకలనం. అవి అందాన్నీ, ప్రేమ, లైంగిక వాంచలు అనే దేవుని బహుమానాన్ని గురించి గానం చేస్తాయి.",లేఖనాలు చదవండి
tel,isa,https://youtu.be/SNAXuIfWcDk,సారాంశం: యెషయా గ్రంథం 40-66,"యెషయా గ్రంథంపై ఉన్న ఈ లేఖన పఠన వీడియోలు ఈ గ్రంథం యొక్క సాహితీ నిర్మాణం, దాని ఆలోచన సరణిని వెల్లడి చేస్తున్నాయి. దేవుని తీర్పు లేక శిక్ష ఇశ్రాయేలును పవిత్రపరచి తన ప్రజలను రాబోతున్న మెస్సీయ రాజు కోసం నూతన యెరూషలేము కోసం సిద్ధపరుస్తుందని యెషయా ప్రకటించాడు. మొదటి భాగం మొదటి 39 అధ్యాయాలను ధ్యానిస్తే, రెండవ భాగం 40 నుండి 66 అధ్యాయాలను పరిశోధించింది.",లేఖనాలు చదవండి
tel,jer,https://youtu.be/rP3E-D64Vec,సారాంశం: యిర్మీయా,"ఇర్మీయా గ్రంథంపై ఉన్న ఈ లేఖన పఠన వీడియో ఈ గ్రంథం యొక్క సాహితీ నిర్మాణం, దాని ఆలోచన సరణిని వెల్లడి చేస్తుంది. దేవుడు ఇశ్రాయేలును బబులోనుకు చెరగా పంపించడం ద్వారా వారిని శిక్షిస్తాడు అని ఇర్మీయా ప్రకటించాడు. తన ప్రవచనం నెరవేరేవరకు అతడు ఆ భయానకమైన పరిస్థితుల మధ్య జీవించాడు.",లేఖనాలు చదవండి
tel,lam,https://youtu.be/6NPdNtC-sVE,సారాంశం: విలాపవాక్యాలు,"విలాపవాక్యాలు గ్రంథంపై ఉన్న ఈ లేఖన పఠన వీడియో ఈ గ్రంథం యొక్క సాహితీ నిర్మాణం, దాని ఆలోచన సరణిని వెల్లడి చేస్తుంది. బబులోను యెరూషలేమును నాశనం చేసిన తరవాత దాని పక్షంగా ఆలపించిన ఐదు విలాప గీతాల సంకలనం ఇది.",లేఖనాలు చదవండి
tel,ezk,https://youtu.be/4n5lIo0sUzo,సారాంశం: యెహెజ్కేలు 1-33,"యెహేజ్కేలు గ్రంథంపై ఉన్న ఈ లేఖన పఠన వీడియో ఈ గ్రంథం యొక్క సాహితీ నిర్మాణం, దాని ఆలోచన సరణిని వెల్లడి చేస్తుంది. బబులోను పరవాసుల మధ్య ఉన్న ఇశ్రాయేలీయులుకు ఆ శిక్ష సరైనదే అనీ, దేవుని ఆ తీర్పు వారికి భవిష్యత్తులో ఒక నిరీక్షణకు కారణం అవుతుందని యెహేజ్కేలు ప్రకటించాడు. మొదటి భాగం మొదటి 33 అధ్యాయాలనూ, రెండవభాగం 34 నుండి 48 అధ్యాయాలనూ ధ్యానించాయి.",లేఖనాలు చదవండి
tel,ezk,https://youtu.be/ExLDTaB7C-A,సారాంశం: యెహెజ్కేలు 34-48,"యెహేజ్కేలు గ్రంథంపై ఉన్న ఈ లేఖన పఠన వీడియో ఈ గ్రంథం యొక్క సాహితీ నిర్మాణం, దాని ఆలోచన సరణిని వెల్లడి చేస్తుంది. బబులోను పరవాసుల మధ్య ఉన్న ఇశ్రాయేలీయులుకు ఆ శిక్ష సరైనదే అనీ, దేవుని ఆ తీర్పు వారికి భవిష్యత్తులో ఒక నిరీక్షణకు కారణం అవుతుందని యెహేజ్కేలు ప్రకటించాడు. మొదటి భాగం మొదటి 33 అధ్యాయాలనూ, రెండవభాగం 34 నుండి 48 అధ్యాయాలనూ ధ్యానించాయి.",లేఖనాలు చదవండి
tel,1ti,https://youtu.be/QMb_PYMHYck,సారాంశం: 1 వ తిమోతి,"1 తిమోతి పత్రిక గూర్చిన ఈ లేఖన పఠన వీడియో ఈ గ్రంథం యొక్క సాహితీ నిర్మాణం, దాని ఆలోచన సరణిని వెల్లడి చేస్తుంది. అబద్ద బోధకుల వలన చెదరిపోయిన ఎఫెసు సంఘంలో ఏవిధంగా క్రమాన్ని, ప్రయోజనాన్ని నెలకొల్పాలో పౌలు తిమోతికి బోధించాడు.",లేఖనాలు చదవండి
tel,dan,https://youtu.be/R8ryfVA0oY0,సారాంశం: దానియేలు,"దానియేలు గ్రంథంపై ఉన్న ఈ లేఖన పఠన వీడియో ఈ గ్రంథం యొక్క సాహితీ నిర్మాణం, దాని ఆలోచన సరణిని వెల్లడి చేస్తుంది. ఈ గ్రంథం బబులోను చెరలో ఉన్నప్పటికీ ఇశ్రాయేలు ప్రజల్లో నమ్మకత్వాన్ని ప్రోత్సహించింది. దానియేలుకు కలిగిన దర్శనాలు దేవుడు ఒకనాడు సమస్త రాజ్యాలనూ తన ఏలుబడి కిందికి తేస్తాడన్న నిరీక్షణ కలిగించాయి.",లేఖనాలు చదవండి
tel,hos,https://youtu.be/t2q_E150gC4,సారాంశం: హోషెయ,"హోషేయ గ్రంథంపై ఉన్న ఈ లేఖన పఠన వీడియో ఈ గ్రంథం యొక్క సాహితీ నిర్మాణం, దాని ఆలోచన సరణిని వెల్లడి చేస్తుంది. ఇశ్రాయేలీయులు దేవునితో తాము చేసిన నిబంధనను అతిక్రమించారని దానికి తగిన ఫలితాలు వారు అనుభవిస్తారని హోషేయ ఆరోపించాడు.",లేఖనాలు చదవండి
tel,jol,https://youtu.be/Gj3HbdG0-SA,సారాంశం: యోవేలు,"యోవేలు గ్రంథంపై ఉన్న ఈ లేఖన పఠనం వీడియో ఈ గ్రంథం యొక్క సాహితీ నిర్మాణం, దాని ఆలోచన సరణిని వెల్లడి చేస్తుంది. “ప్రభువు దినం” గురించి ప్రకటిస్తూ పశ్చాత్తాపం ద్వారా ఇతర ప్రవచన గ్రంథాల్లో కనిపించే గొప్ప పునరుద్ధరణ కలుగుతుందని అతడు బోధించాడు.",లేఖనాలు చదవండి
eng,exo,https://youtu.be/oNpTha80yyE,Overview: Exodus Ch. 19-40,"Watch our overview video on Exodus 19-40, which breaks down the literary design of the book and its flow of thought. In Exodus, God invites the Israelites into a covenant and comes to live among them in the Tabernacle, but Israel rebels and ruins the relationship.
",Old Testament
tel,amo,https://youtu.be/FyZon5BJuV8,సారాంశం: ఆమోసు,"ఆమోసు గ్రంథంపై ఉన్న ఈ లేఖన పఠన వీడియో ఈ గ్రంథం యొక్క సాహితీ నిర్మాణం, దాని ఆలోచన సరణిని వెల్లడి చేస్తుంది. ఇశ్రాయేలు దేవునితో తమ నిబంధనను అతిక్రమించారని ఆరోపిస్తూ వారి విగ్రహారాధన ఏవిధంగా అన్యాయానికీ, బీదలను నిర్లక్ష్యం చేయడానికీ దారి తీసిందో అతడు వివరించాడు.",లేఖనాలు చదవండి
tel,oba,https://youtu.be/KSgaXAfTII8,సారాంశం: ఓబద్యా,"ఓబద్యా గ్రంథంపై ఉన్న ఈ లేఖన పఠన వీడియో ఈ గ్రంథం యొక్క సాహితీ నిర్మాణం, దాని ఆలోచన సరణిని వెల్లడి చేస్తుంది. ఎదోము బబులోను చేతిలో నాశనం అవుతుందని ఓబద్యా ప్రకటించాడు. అహంకారంతో, హింసాత్మకంగా ప్రవర్తించే రాజ్యాలన్నిటినీ దేవుడు కూలిపోయేలా చేస్తాడన్న దానికి అది ఒక సూచన.",లేఖనాలు చదవండి
tel,jon,https://youtu.be/mnIDzLSSsj8,సారాంశం: యోనా,"యోనా గ్రంథం గురించిన ఈ లేఖన పఠన వీడియో ఈ గ్రంథం యొక్క సాహితీ నిర్మాణం, దాని ఆలోచన సరణిని వెల్లడి చేస్తుంది. తన శత్రువులను దేవుడు ప్రేమించినందుకు దేవున్నే తిరస్కరించిన ఒక తిరుగుబాటు ప్రవక్త కథ ఇది.",లేఖనాలు చదవండి
tel,mic,https://youtu.be/ywBroflMxYk,సారాంశం: మీకా గ్రంథం,"మీకా గ్రంథంపై ఉన్న ఈ లేఖన పఠన వీడియో ఈ గ్రంథం యొక్క సాహితీ నిర్మాణం, దాని ఆలోచన సరణిని వెల్లడి చేస్తుంది. ఇశ్రాయేలు పాపం వలన అనుభవించిన పరవాసం తరవాత ప్రేమ, నమ్మకత్వాలతో నిండిన ఒక కొత్త భవిష్యత్తును దేవుని తీర్పు తీసుకొస్తుందని అతడు ప్రవచించాడు.",లేఖనాలు చదవండి
tel,nam,https://youtu.be/Y4a2hVh8Wf4,సారాంశం: నహూము,"నహూము గ్రంథం గురించి ఉన్న ఈ లేఖన పఠన వీడియో ఈ గ్రంథం యొక్క సాహితీ నిర్మాణం, దాని ఆలోచన సరణిని వెల్లడి చేస్తుంది. దేవుడు ఏవిధంగా హింసాత్మకమైన సమస్త మానవ రాజ్యాలనూ కూలదోస్తాడు అనేదానికి సూచనగా ఉన్న నీనేవే, అస్శూరుల పతనం గురించి నహూము ప్రవచించాడు.",లేఖనాలు చదవండి
tel,hab,https://youtu.be/lOPXNUD0BjM,సారాంశం: హబక్కూకు,"హబక్కూకు గ్రంథంపై ఉన్న ఈ లేఖన పఠన వీడియో ఈ గ్రంథం యొక్క సాహితీ నిర్మాణం, దాని ఆలోచన సరణిని వెల్లడి చేస్తుంది. ఈ లోకంలోని విపరీతమైన దుర్మార్గం, అన్యాయాల మధ్య దేవుని మంచితనం గురించి అర్ధం చేసుకోడానికి హబక్కూ చాలా కొట్టుమిట్టాడాడు.",లేఖనాలు చదవండి
tel,zep,https://youtu.be/qWzpML6ztp8,సారాంశం: జెఫన్యా,"జెఫన్యా గ్రంథంపై ఉన్న ఈ లేఖన పఠన వీడియో ఈ గ్రంథం యొక్క సాహితీ నిర్మాణం, దాని ఆలోచన సరణిని వెల్లడి చేస్తుంది. ఇశ్రాయేలును పవిత్రపరిచే దేవుని తీర్పు గురించి జెఫన్యా ప్రకటించాడు. అది వారిలోని దుష్టత్వాన్ని తీసివేసి ప్రజలందరూ ఐక్యంగా శాంతి సమాధానాలతో మెలిగే ఒక నూతన భవిష్యత్తును తీసుకొస్తుంది.",లేఖనాలు చదవండి
tel,hag,https://youtu.be/UMhGmoF8KoU,సారాంశం: హగ్గయి,"హగ్గయి గ్రంథంపై ఉన్న ఈ లేఖన పఠన వీడియో ఈ గ్రంథం యొక్క సాహితీ నిర్మాణం, దాని ఆలోచన సరణిని వెల్లడి చేస్తుంది. ఇశ్రాయేలీయులు చెరనుండి తిగిగి వచ్చిన తరవాత వారిని తమ దేవుని పట్ల నమ్మకంగా ఉండమనీ, మందిరాన్ని తిరిగి నిర్మించమనీ హగ్గయి వారిని సవాలు చేశాడు.",లేఖనాలు చదవండి
tel,zec,https://youtu.be/2_KEoP52Jqg,సారాంశం: జెకర్యా,"జెకర్యా గ్రంథంపై ఉన్న ఈ లేఖన పఠన వీడియో ఈ గ్రంథం యొక్క సాహితీ నిర్మాణం, దాని ఆలోచన సరణిని వెల్లడి చేస్తుంది. జెకర్యా దర్శనాలు భవిషత్తులో రాబోయే మెస్సీయ రాజ్యం గురించిన వాగ్దానంలో నిరీక్షణను కలిగించి చెరనుండి తిరిగి వచ్చిన ఇశ్రాయేలీయులను దేవునిపట్ల నమ్మకంగా ఉండమని సవాలు చేశాయి.",లేఖనాలు చదవండి
eng,lev,https://youtu.be/IJ-FekWUZzE,Overview: Leviticus,"Watch our overview video on the book of Leviticus, which breaks down the literary design of the book and its flow of thought. In Leviticus, Israel’s holy God invites them to live in His presence despite their sin, through a series of rituals and sacred institutions.",Old Testament
tel,mal,https://youtu.be/Xnm_5O_69lk,సారాంశం: మలాకీ,"మలాకీ గ్రంథం గురించిన ఈ లేఖన పఠన వీడియో ఈ గ్రంథం యొక్క సాహితీ నిర్మాణం, దాని ఆలోచన సరణిని వెల్లడి చేస్తుంది. చెరనుండి తిరిగి వచ్చిన ఇశ్రాయేలీయుల స్వార్ధం గురించి మలాకీ వారిని ఆక్షేపించాడు. ప్రభువు దినం ఇశ్రాయేలును పవిత్రీకరించి వారిని దేవుని రాజ్య స్థాపనకై సిద్ధపరుస్తుందని అతడు ప్రకటించాడు.",లేఖనాలు చదవండి
tel,NT,https://youtu.be/JCQwQfskCd0,సారాంశం: కొత్త నిబంధన వృత్తాంతం,"ఈ వీడియో కొత్త నిబంధన గురించిన క్లుప్త పర్యావలోకనం. లేఖన పఠనం అనే మన వీడియో శ్రేణిలో ఉపయోగించిన చలన రూపక చిత్ర విధానాన్ని ఉపయోగించి కొత్త నిబంధన అంతటి సాహిత్య నిర్మాణాన్ని, అది హీబ్రూ లేఖనాల కథను కొనసాగించిన విధానాన్ని మనకి తెలియ జేస్తుంది.",లేఖనాలు చదవండి
tel,mat,https://youtu.be/fLlxjz9cMVk,సారాంశం: మత్తయి సువార్త 1వ భాగము,"మత్తయి సువార్త గ్రంథం గురించిన ఈ లేఖన పఠన వీడియో ఈ గ్రంథం యొక్క సాహితీ నిర్మాణం, దాని ఆలోచన సరణిని వెల్లడి చేస్తుంది. యేసు దేవుని పరలోక రాజ్యాన్ని ఈ భూమి మీదికి తెచ్చాడు. తన శిష్యులకు తన మరణం, పునరుత్థానం ద్వారా ఒక నూతన జీవితానికి పిలుపునిచ్చాడు. మొదటి భాగంలో మొదటి 13 అధ్యాయాలు, రెండవ భాగంలో 14 నుండి 28 అధ్యాయాలను వివరించారు.",లేఖనాలు చదవండి
tel,mat,https://youtu.be/GoQCxO6DpJc,సారాంశం: మత్తయి సువార్త 2వ భాగము,"మత్తయి సువార్త గ్రంథం గురించిన ఈ లేఖన పఠన వీడియో ఈ గ్రంథం యొక్క సాహితీ నిర్మాణం, దాని ఆలోచన సరణిని వెల్లడి చేస్తుంది. యేసు దేవుని పరలోక రాజ్యాన్ని ఈ భూమి మీదికి తెచ్చాడు. తన శిష్యులకు తన మరణం, పునరుత్థానం ద్వారా ఒక నూతన జీవితానికి పిలుపునిచ్చాడు. మొదటి భాగంలో మొదటి 13 అధ్యాయాలు, రెండవ భాగంలో 14 నుండి 28 అధ్యాయాలను వివరించారు.",లేఖనాలు చదవండి
tel,mrk,https://youtu.be/y2a_4wAzPlo,సారాంశం: మార్కు సువార్త గ్రంథం,"యేసు యొక్క జీవితం, మరణం మరియు పునరుజ్జీవం యొక్క ప్రారంభ అధికారిక నివేదికలలో ఒకటి. మార్కు యేసు ఇశ్రాయేలు ఎదురుచూస్తున్న నిజమైన మెస్సీయా అనే ప్రాథమిక ప్రశ్నలను ప్రస్తావిస్తాడు. అలాగైతే మెస్సీయ రాజు ఏ విధoగా బాధపడితే చనిపోయి మరణిoచాడు?",లేఖనాలు చదవండి
tel,luk,https://youtu.be/4byvmpQ0fS8,సారాంశం: లూకా సువార్త 1వ భాగము,"లూకా సువార్తపై ఉన్న ఈ లేఖన పఠన వీడియో ఈ గ్రంథం యొక్క సాహితీ నిర్మాణం, దాని ఆలోచన సరణిని వెల్లడి చేస్తుంది. ఈ గ్రంథంలో దేవునికీ, ఇశ్రాయేలుకూ మధ్య ఉన్న నిబంధనను దాని ముగింపుకు తీసుకెళ్ళాడు. బీదలకు, ధనవంతులకు దేవుని రాజ్యం గురించిన శుభవార్తను ప్రకటించాడు. మొదటి భాగం మొదటి 9 అధ్యాయాలు, రెండవ భాగం 10 నుండి 24 అధ్యాయాల వివరణ.",లేఖనాలు చదవండి
tel,luk,https://youtu.be/iCk7Egn6PuI,సారాంశం: లూకా సువార్త 2 వ భాగము,"లూకా సువార్తపై ఉన్న ఈ లేఖన పఠన వీడియో ఈ గ్రంథం యొక్క సాహితీ నిర్మాణం, దాని ఆలోచన సరణిని వెల్లడి చేస్తుంది. ఈ గ్రంథంలో దేవునికీ, ఇశ్రాయేలుకూ మధ్య ఉన్న నిబంధనను దాని ముగింపుకు తీసుకెళ్ళాడు. బీదలకు, ధనవంతులకు దేవుని రాజ్యం గురించిన శుభవార్తను ప్రకటించాడు. మొదటి భాగం మొదటి 9 అధ్యాయాలు, రెండవ భాగం 10 నుండి 24 అధ్యాయాల వివరణ.",లేఖనాలు చదవండి
tel,jhn,https://youtu.be/HkRnW_jwx9U,సారాంశం: యోహాను సువార్త 1 వ భాగము,"గ్రంథం యొక్క సాహిత్య రూపకల్పన మరియు ఆలోచన యొక్క ప్రవాహాన్ని విచ్ఛిన్నం చేసే జాన్ సువార్తపై మా గ్రంథం వీడియోను చూడండి. యోహానులో, యేసు మానవుడయ్యాడు, ఇశ్రాయేలు సృష్టికర్త యొక్క అవతారంగా, తన ప్రేమను మరియు నిత్యజీవపు బహుమతిని ప్రపంచానికి పంచుకునేందుకు.",లేఖనాలు చదవండి
tel,jhn,https://youtu.be/pTR7hxtDvBo,సారాంశం: యోహాను సువార్త 2 వ భాగము,"యోహాను సువార్తపై ఉన్న ఈ లేఖన పఠన వీడియో ఈ గ్రంథం యొక్క సాహితీ నిర్మాణం, దాని ఆలోచన సరణిని వెల్లడి చేస్తుంది. ఈ గ్రంథంలో సృష్టికర్త, ఇశ్రాయేలు దేవుని అవతారంగా యేసు మానవుడుగా జన్మించాడు. ఆయన తన ప్రేమను, నిత్యజీవం అనే బహుమానాన్ని ఈ లోకంతో పంచుకున్నాడు. మొదటి భాగం 1 నుండి 12 అధ్యాయాలు, రెండవ భాగం 13 నుండి 21 అధ్యాయాలను ధ్యానించాయి.",లేఖనాలు చదవండి
tel,act,https://youtu.be/Tf_O42JvDf8,సారాంశం: అపోస్తలుల కార్యాలు గ్రంథం 1 వ భాగము,"అపోస్తలుల కార్యాలు గ్రంథంపై ఉన్న ఈ లేఖన పఠన వీడియో ఈ గ్రంథం యొక్క సాహితీ నిర్మాణం, దాని ఆలోచన సరణిని వెల్లడి చేస్తుంది. తన శిష్యులు తన రాజ్య సువార్తను ఈ లోక రాజ్యాలకు ప్రకటిస్తుండగా యేసు వారిని బలోపేతం చేయడానికి పరిశుద్ధాత్మను పంపించాడు. మొదటి భాగం గ్రంథంలోని మొదటి 12 అధ్యాయాలు, రెండవ భాగం 13 నుండి 28 అధ్యాయాల వివరణ.",లేఖనాలు చదవండి
tel,act,https://youtu.be/0iWVJjrQgDU,సారాంశం: అపోస్తలుల కార్యాలు,"అపోస్తలుల కార్యాలు గ్రంథంపై ఉన్న ఈ లేఖన పఠన వీడియో ఈ గ్రంథం యొక్క సాహితీ నిర్మాణం, దాని ఆలోచన సరణిని వెల్లడి చేస్తుంది. తన శిష్యులు తన రాజ్య సువార్తను ఈ లోక రాజ్యాలకు ప్రకటిస్తుండగా యేసు వారిని బలోపేతం చేయడానికి పరిశుద్ధాత్మను పంపించాడు. మొదటి భాగం గ్రంథంలోని మొదటి 12 అధ్యాయాలు, రెండవ భాగం 13 నుండి 28 అధ్యాయాల వివరణ.",లేఖనాలు చదవండి
tel,rom,https://youtu.be/oYKOXfig3zQ,సారాంశం: రోమీయులకు రాసిన పత్రిక 1 వ భాగము,"రోమా పత్రిక మీద  ఉన్న ఈ లేఖన పఠన వీడియో ఈ గ్రంథం యొక్క సాహితీ నిర్మాణం, దాని ఆలోచన సరణిని వెల్లడి చేస్తుంది. యేసు తన మరణం, పునరుత్థానం, పరిశుద్దాత్మను పంపించడం ద్వారా ఒక కొత్త అబ్రాహాము నిబంధనా కుటుంబాన్ని నెలకొల్పాడని పౌలు వివరిస్తున్నాడు. మొదటి భాగం మొదటి 4 అధ్యాయాలను, రెండవ భాగం 5 నుండి 16 అధ్యాయాలను వివరించాయి.",లేఖనాలు చదవండి
eng,sng,https://youtu.be/4KC7xE4fgOw,Overview: Song of Songs,"Watch our overview video on the book of Song of Songs, which breaks down the literary design of the book and its flow of thought. The Song of Songs is a collection of ancient Israelite love poems that celebrate the beauty and power of God's gift of love and sexual desire.",Old Testament
eng,isa,https://youtu.be/d0A6Uchb1F8,Overview: Isaiah 1-39,"Watch our overview video on the first 39 chapters of the book of Isaiah, which breaks down the literary design of the book and its flow of thought. Isaiah announces that God’s judgment will purify Israel and prepare his people for the coming messianic king and the new Jerusalem.",Old Testament
tel,rom,https://youtu.be/JBz3-d4wuVc,సారాంశం: రోమీయులకు రాసిన పత్రిక 2 వ భాగము,"రోమా పత్రిక మీద  ఉన్న ఈ లేఖన పఠన వీడియో ఈ గ్రంథం యొక్క సాహితీ నిర్మాణం, దాని ఆలోచన సరణిని వెల్లడి చేస్తుంది. యేసు తన మరణం, పునరుత్థానం, పరిశుద్దాత్మను పంపించడం ద్వారా ఒక కొత్త అబ్రాహాము నిబంధనా కుటుంబాన్ని నెలకొల్పాడని పౌలు వివరిస్తున్నాడు. మొదటి భాగం మొదటి 4 అధ్యాయాలను, రెండవ భాగం 5 నుండి 16 అధ్యాయాలను వివరించాయి.",లేఖనాలు చదవండి
tel,1co,https://youtu.be/LU8UD_vixQQ,సారాంశం: కొరింథీయులకు రాసిన 1 పత్రిక,"మొదటి కొరింథీ పత్రికపై ఉన్న ఈ లేఖన పఠన వీడియో ఈ గ్రంథం యొక్క సాహితీ నిర్మాణం, దాని ఆలోచన సరణిని వెల్లడి చేస్తుంది. ఈ పత్రికలో పౌలు జీవితంలోని అధిక శాతం క్లిష్టమైన సమస్యలన్నిటినీ సువార్త దృష్టితో గమనించగలం అని కొరింతులోని నూతన విశ్వాసులకు వివరించాడు.",లేఖనాలు చదవండి
tel,2co,https://youtu.be/u6A3ZYa3sBo,సారాంశం: కొరింథీయులకు రాసిన 2వ పత్రిక,"2 కొరింథీ పత్రిక గురించి ఉన్న ఈ లేఖన పఠన వీడియో ఈ గ్రంథం యొక్క సాహితీ నిర్మాణం, దాని ఆలోచన సరణిని వెల్లడి చేస్తుంది. సిలువను గూర్చిన వెర్రితనం మన విలువల వ్యవస్థను ఏవిధంగా తలకిందులు చేసిందో పౌలు వివరించాడు.",లేఖనాలు చదవండి
tel,gal,https://youtu.be/fz9VdupS0co,సారాంశం: గలతీయులకు రాసిన పత్రిక,"గలతీ పత్రికపై ఉన్న ఈ లేఖన పఠన వీడియో ఈ గ్రంథం యొక్క సాహితీ నిర్మాణం, దాని ఆలోచన సరణిని వెల్లడి చేస్తుంది. ఈ పత్రికలో పౌలు వివాదాస్పదమైన తోరా సూత్రాలను పాటిస్తూ సంఘాన్ని విభజించే పనులను ఆపివేయాలని గలతీ క్రైస్తవులను హెచ్చరిస్తున్నాడు.",లేఖనాలు చదవండి
tel,eph,https://youtu.be/evL5R0lkjOA,సారాంశం: ఎఫెసీయులకు రాసిన పత్రిక,"ఈ లేఖన పఠనం వీడియో ఎఫెసీ పత్రిక యొక్క సాహితీ నిర్మాణం, దాని ఆలోచన సరణిని వెల్లడి చేస్తుంది. సువార్త ఏవిధంగా జాతి పరంగా విభిన్నమైన సమాజాలను యేసుపట్ల, ఒకరితో ఒకరి పట్ల భక్తీ శ్రద్ధలను కనపరిచేలా ఏకం చేస్తుందో పౌలు దీనిలో వివరించాడు.",లేఖనాలు చదవండి
tel,php,https://youtu.be/_KKwPytQuEQ,సారాంశం: ఫిలిప్పీయులకు రాసిన పత్రిక,"ఈ పత్రిక గురించిన ఈ లేఖన పఠన వీడియో ఈ గ్రంథం యొక్క సాహితీ నిర్మాణం, దాని ఆలోచన సరణిని వెల్లడి చేస్తుంది. ఫిలిప్పీయుల దాతృత్వాన్ని బట్టి పౌలు వారికి కృతజ్ఞతలు చెబుతూ వారంతా ఏవిధంగా యేసు చూపిన నిస్వార్ధమైన ప్రేమను అనుకరించాలో వివరించాడు.",లేఖనాలు చదవండి
tel,col,https://youtu.be/ujZQ1JAmi4o,సారాంశం: కొలస్సీయులకు,"కొలస్సీ పత్రికపై ఉన్న ఈ లేఖన పఠన వీడియో ఈ గ్రంథం యొక్క సాహితీ నిర్మాణం, దాని ఆలోచన సరణిని వెల్లడి చేస్తుంది. సమస్తమైన వాస్తవికతకూ యేసునే కేంద్రంగా చూడాలని కొలస్సీ క్రైస్తవులను పౌలు ప్రోత్సహిస్తున్నాడు. ఆ విధంగా వారు ఇతర మతాల ఆకర్షణలకు లొంగకుండా ఉండగలుగుతారు.",లేఖనాలు చదవండి
tel,1th,https://youtu.be/ixiP3odgnXw,సారాంశం: థెస్సలోనీకయులకు రాసిన 1 ఉత్తరం,"ఈ పత్రికపై ఈ లేఖన పఠన వీడియో ఈ గ్రంథం యొక్క సాహితీ నిర్మాణం, దాని ఆలోచన సరణిని వెల్లడి చేస్తుంది. దీనిలో పౌలు శ్రమలు అనుభవిస్తున్న తెస్సలోనికయ క్రైస్తవులను భవిష్యత్తులో జరగబోయే యేసు రాజు రాక కోసం నిరీక్షించమని ప్రోత్సహించాడు. ఆయన వచ్చినప్పుడు అన్నిటినీ చక్కబరుస్తాడు.",లేఖనాలు చదవండి
tel,2th,https://youtu.be/DFq32kmCCvg,సారాంశం: థెస్సలోనికయులకు రాసిన 2 పత్రిక,"ఈ పత్రిక లేఖన పఠన వీడియో ఈ గ్రంథం యొక్క సాహితీ నిర్మాణం, దాని ఆలోచన సరణిని వెల్లడి చేస్తుంది. ఈ పత్రికలో పౌలు యేసు రెండవ రాకడ గురించి తాను ఇంతకు ముందు చేసిన బోధలను వారికి జ్ఞాపకం చేస్తూ అనవసరంగా సమాజాన్ని గందరగోళంలో పడేస్తున్న క్రైస్తవులను గద్దించాడు.",లేఖనాలు చదవండి
tel,2ti,https://youtu.be/xyBUk38CMVk,సారాంశం: 2 వ తిమోతి,"తిమోతి 2 వ పత్రిక గురించిన ఈ లేఖన పఠన వీడియో ఈ గ్రంథం యొక్క సాహితీ నిర్మాణం, దాని ఆలోచన సరణిని వెల్లడి చేస్తుంది. పౌలు మరణ శిక్షకు సమీపంగా ఉన్నాడు. యేసును వెంబడించడంలో ఎంత త్యాగం చేయాల్సి వచ్చినా, ఎంత ప్రమాదం ఎదురైనా వెనుకంజ వేయొద్దని పౌలు తిమోతిని వ్యక్తిగతంగా సవాలు చేస్తున్నాడు.",లేఖనాలు చదవండి
tel,tit,https://youtu.be/SOpRVgkVptM,సారాంశం: తీతుకు రాసిన పత్రిక,"తీతు పత్రికపై ఉన్న ఈ లేఖన పఠన వీడియో ఈ గ్రంథం యొక్క సాహితీ నిర్మాణం, దాని ఆలోచన సరణిని వెల్లడి చేస్తుంది. క్రేతు ప్రజల మూర్ఖపు సంస్కృతిని యేసు సువార్త, పరిశుద్ధాత్మ శక్తి ఏవిధంగా రూపాంతరం చెందించ గలవో చూపించమని పౌలు తిమోతికి బాధ్యత అప్పగిస్తున్నాడు.",లేఖనాలు చదవండి
tel,phm,https://youtu.be/okhF_zxTT9o,సారాంశం: ఫిలేమోను,"ఫిలేమోను పత్రికపై ఉన్న ఈ లేఖన పఠన వీడియో ఈ గ్రంథం యొక్క సాహితీ నిర్మాణం, దాని ఆలోచన సరణిని వెల్లడి చేస్తుంది. ఒనేసిము అనే తన పారిపోయిన బానిసతో సమాధాన పడడానికి తన స్నేహితుడైన ఫిలేమోనుకు పౌలు సహాయం చేస్తున్నాడు. ఇప్పుడు యేసులో వారిద్దరూ సమానులే అని అతడు గుర్తు చేస్తున్నాడు.",లేఖనాలు చదవండి
tel,jas,https://youtu.be/YDkY8M5nSXw,సారాంశం: యాకోబు,"యాకోబు పత్రికపై ఉన్న ఈ లేఖన పఠన వీడియో ఈ గ్రంథం యొక్క సాహితీ నిర్మాణం, దాని ఆలోచన సరణిని వెల్లడి చేస్తుంది. తన ఈ పత్రికలో యాకోబు తన సోదరుడైన యేసు జ్ఞానాన్ని సామెతలు గ్రంథంలోని జ్ఞానంతో కలిపి మనం సంపూర్ణంగా దేవునికి కట్టుబడి ఉండాలని పిలుపు నిస్తున్నాడు.",లేఖనాలు చదవండి
tel,1pe,https://youtu.be/WVncWAHvx3g,సారాంశం: 1 పేతురు,"ఈ పత్రిక లేఖన పఠన వీడియో ఈ గ్రంథం యొక్క సాహితీ నిర్మాణం, దాని ఆలోచన సరణిని వెల్లడి చేస్తుంది. పేతురు శ్రమలు అనుభవిస్తున్న క్రైస్తవులకు ఒక నిరీక్షణను అందిస్తూ యేసును అనుసరించడంలో ఇమిడి ఉన్న అంశాలకు అనుగుణంగా జీవించడం గురించిన ఆచరణాత్మక సూచనలు ఇస్తున్నాడు.",లేఖనాలు చదవండి
tel,2pe,https://youtu.be/eHNGYwRYgh8,సారాంశం: 2 పేతురు,"2 పేతురు పత్రిక గురించిన ఈ లేఖన పఠన వీడియో ఈ గ్రంథం యొక్క సాహితీ నిర్మాణం, దాని ఆలోచన సరణిని వెల్లడి చేస్తుంది. విశ్వాసులు నమ్మకంగా నిలిచి ఉండాలని పిలుపునిస్తూ యేసు గురించిన సందేశాన్ని వక్రీకరించి ఇతరులు చెదరిపోడానికి కారకులైన అబద్ద బోధకులను గద్దించాడు.",లేఖనాలు చదవండి
tel,"1jn, 2jn, 3jn",https://youtu.be/iXPZYiPMwiY,"సారాంశం: యోహాను రాసిన 1,2,3 పత్రికలు","ఈ మూడు పత్రికలపై ఉన్న ఈ లేఖన పఠన వీడియో ఈ గ్రంథం యొక్క సాహితీ నిర్మాణం, దాని ఆలోచన సరణిని వెల్లడి చేస్తుంది. ఒకరినొకరు ప్రేమించుకోవడం ద్వారా తమలోని దేవుని జీవాన్ని, ప్రేమను పంచుకోమని యోహాను యేసు అనుచరులను ప్రోత్సహిస్తున్నాడు.",లేఖనాలు చదవండి
tel,jud,https://youtu.be/nKDv3xPLkyg,సారాంశం: యూదా పత్రిక,"ఈ పత్రిక గురించి ఉన్న ఈ లేఖన పఠన వీడియో ఈ గ్రంథం యొక్క సాహితీ నిర్మాణం, దాని ఆలోచన సరణిని వెల్లడి చేస్తుంది. తన సోదరుడైన యేసు గురించిన సందేశాన్ని వక్రీకరించే అబద్ద బోధకులను యూదా ఖండిస్తున్నాడు.",లేఖనాలు చదవండి
tel,rev,https://youtu.be/LEaJkrOPmbY,సారాంశం: ప్రకటన గ్రంథం 1-11,"ప్రకటన గ్రంథంపై ఉన్న ఈ లేఖన పఠన వీడియో ఈ గ్రంథం యొక్క సాహితీ నిర్మాణం, దాని ఆలోచన సరణిని వెల్లడి చేస్తుంది. ప్రకటన గ్రంథంలో యేసు తన మరణం, పునరుత్థానాల ద్వారా దుర్మార్గాన్ని జయించాడనీ, ఆయన ఈ లోకానికి నిజమైన రాజుగా ఒకనాడు రాబోతున్నాడనీ యోహాను పొందిన దర్శనాలు బయలుపరుస్తున్నాయి. మొదటి భాగం గ్రంథం మొదటి 11 అధ్యాయాలను, రెండవ భాగం 12 నుండి 22 అధ్యాయాలను వివరించాయి.",లేఖనాలు చదవండి
tel,rev,https://youtu.be/JX10QV9i8xg,సారాంశం: ప్రకటన గ్రంథం 12-22,"ప్రకటన గ్రంథంపై ఉన్న ఈ లేఖన పఠన వీడియో ఈ గ్రంథం యొక్క సాహితీ నిర్మాణం, దాని ఆలోచన సరణిని వెల్లడి చేస్తుంది. ప్రకటన గ్రంథంలో యేసు తన మరణం, పునరుత్థానాల ద్వారా దుర్మార్గాన్ని జయించాడనీ, ఆయన ఈ లోకానికి నిజమైన రాజుగా ఒకనాడు రాబోతున్నాడనీ యోహాను పొందిన దర్శనాలు బయలుపరుస్తున్నాయి. మొదటి భాగం గ్రంథం మొదటి 11 అధ్యాయాలను, రెండవ భాగం 12 నుండి 22 అధ్యాయాలను వివరించాయి.",లేఖనాలు చదవండి
eng,OT,https://youtu.be/ALsluAKBZ-c,Overview: TaNaK / Old Testament,"Watch our overview video on the Old Testament, also known as the Hebrew Bible, or the TaNaK. This video breaks down the literary design of the entire Old Testament and its flow of thought. ",Old Testament
eng,gen,https://youtu.be/GQI72THyO5I,Overview: Genesis Ch. 1-11,"Watch our overview video on Genesis 1-11, which breaks down the literary design of the book and its flow of thought. In Genesis, God makes a good world and commissions humans to rule it, and then they give in to evil and ruin everything.",Old Testament
eng,gen,https://youtu.be/F4isSyennFo,Overview: Genesis Ch. 12-50,"Watch our overview video on Genesis 12-50, which breaks down the literary design of the book and its flow of thought. In Genesis, God promises to bless rebellious humanity through the family of Abraham, despite their constant failure and folly.",Old Testament
eng,exo,https://youtu.be/jH_aojNJM3E,Overview: Exodus Ch. 1 -18,"Watch our overview video on Exodus 1-18, which breaks down the literary design of the book and its flow of thought. In Exodus, God rescues the Israelites from slavery in Egypt and confronts the evil and injustice of Pharaoh.",Old Testament
eng,deu,https://youtu.be/q5QEH9bH8AU,Overview: Deuteronomy,"Watch our overview video on the book of Deuteronomy, which breaks down the literary design of the book and its flow of thought. In Deuteronomy, Moses gives final words of wisdom and warning before the Israelites enter the promised land, challenging them to be faithful to God.",Old Testament
eng,jos,https://youtu.be/JqOqJlFF_eU,Overview: Joshua,"Watch our overview video on the book of Joshua, which breaks down the literary design of the book and its flow of thought. In Joshua, after Moses' death, Joshua leads Israel and they settle in the promised land currently occupied by Canaanites.",Old Testament
eng,jdg,https://youtu.be/kOYy8iCfIJ4,Overview: Judges,"Watch our overview video on the book of Judges, which breaks down the literary design of the book and its flow of thought. In Judges, the Israelites turn away from God and face the consequences. God raises judges in cycles of rebellion, repentance, and restoration.
",Old Testament
eng,rut,https://youtu.be/0h1eoBeR4Jk,Overview: Ruth,"Watch our overview video on the book of Ruth, which breaks down the literary design of the book and its flow of thought. In Ruth, an Israelite family faces tragic loss, and God uses the faithfulness of a non-Israelite woman to bring restoration into the family of David.
",Old Testament
eng,1sa,https://youtu.be/QJOju5Dw0V0,Overview: 1 Samuel,"Watch our overview video on the book of 1 Samuel, which breaks down the literary design of the book and its flow of thought. In 1 Samuel, God reluctantly raises up kings to rule the Israelites. The first is a failure, and the second, David, is a faithful replacement.
",Old Testament
eng,2sa,https://youtu.be/YvoWDXNDJgs,Overview: 2 Samuel,"Watch our overview video on the book of 2 Samuel, which breaks down the literary design of the book and its flow of thought. In 2 Samuel, David becomes God's most faithful king, but then rebels, resulting in the slow destruction of his family and kingdom.",Old Testament
eng,"1ki, 2ki",https://youtu.be/bVFW3wbi9pk,Overview: 1-2 Kings,"Watch our overview video on the books of 1-2 Kings, which breaks down the literary design of the book and its flow of thought. In Kings, David’s son Solomon leads Israel to greatness, only to fail and lead Israel to a civil war and ultimately towards destruction and exile.",Old Testament
eng,"1ch, 2ch",https://youtu.be/HR7xaHv3Ias,Overview: Chronicles,"Watch our overview video on the books of 1-2 Chronicles, which breaks down the literary design of the book and its flow of thought. Chronicles retells the entire Old Testament story, highlighting the future hope of the messianic king and a restored temple.",Old Testament
eng,"ezr, neh",https://youtu.be/MkETkRv9tG8,Overview: Ezra-Nehemiah,"Watch our overview video on the prophetic books of Ezra and Nehemiah, which breaks down the literary design of each book's flow of thought. In these books, many Israelites return to Jerusalem after the exile and face some success alongside many spiritual and moral failures.",Old Testament
eng,est,https://youtu.be/JydNSlufRIs,Overview: Esther,"Watch our overview video on the book of Esther, which breaks down the literary design of the book and its flow of thought. In Esther, God providentially uses two exiled Israelites to rescue His people from certain doom, without any explicit mention of God or His activity.",Old Testament
eng,job,https://youtu.be/xQwnH8th_fs,Overview: Job,"Watch our overview video on the book of Job, which breaks down the literary design of the book and its flow of thought. Job explores the difficult question of God's relationship to human suffering and invites us to trust God's wisdom and character.",Old Testament
eng,psa,https://youtu.be/j9phNEaPrv8,Overview: Psalms,"Watch our overview video on the book of Psalms, which breaks down the literary design of the book and its flow of thought. The book of Psalms has been designed to be the prayer book of God's people as they wait for the Messiah and his coming kingdom.",Old Testament
eng,pro,https://youtu.be/AzmYV8GNAIM,Overview: Proverbs,"Watch our overview video on the book of Proverbs, which breaks down the literary design of the book and its flow of thought. The book of Proverbs invites people to live with wisdom and in the fear of the Lord in order to experience the good life.",Old Testament
eng,ecc,https://youtu.be/lrsQ1tc-2wk,Overview: Ecclesiastes,"Watch our overview video on the book of Ecclesiastes, which breaks down the literary design of the book and its flow of thought. This book forces us to face death and random chance, and the challenges they pose to a naive belief in God’s goodness.",Old Testament
eng,ezk,https://youtu.be/SDeCWW_Bnyw,Overview: Ezekiel 34-48,"Watch our overview video on the second part of the book of Ezekiel, which breaks down the literary design of the book and its flow of thought. Among the exiles in Babylon, Ezekiel shows that Israel deserved this judgment, and also that God’s justice creates hope for the future.",Old Testament
eng,dan,https://youtu.be/9cSC9uobtPM,Overview: Daniel,"Watch our overview video on the book of Daniel, which breaks down the literary design of the book and its flow of thought. The story of Daniel motivates faithfulness despite exile in Babylon. His visions offer hope that God will bring all nations under His rule.",Old Testament
eng,hos,https://youtu.be/kE6SZ1ogOVU,Overview: Hosea,"Watch our overview video on the book of Hosea, which breaks down the literary design of the book and its flow of thought. In this book, Hosea accuses Israel of breaking their covenant with God and warns them of the tragic consequences to follow.",Old Testament
eng,jol,https://youtu.be/zQLazbgz90c,Overview: Joel,"Watch our overview video on the book of Joel, which breaks down the literary design of the book and its flow of thought. Joel reflects on the ""Day of the Lord"" and how true repentance will bring about the great restoration hoped for in the other prophetic books.",Old Testament
eng,amo,https://youtu.be/mGgWaPGpGz4,Overview: Amos,"Watch our overview video on the book of Amos, which breaks down the literary design of the book and its flow of thought. In this book, Amos accuses Israel of breaking their covenant with God and highlights how their idolatry has led to injustice and the neglect of the poor.",Old Testament
eng,oba,https://youtu.be/i4ogCrEoG5s,Overview: Obadiah,"Watch our overview video on the book of Obadiah, which breaks down the literary design of the book and its flow of thought. Obadiah announces Edom's downfall to Babylon, which is an image of how God will bring down all arrogant and violent nations.",Old Testament
eng,jon,https://youtu.be/dLIabZc0O4c,Overview: Jonah,"Watch our overview video on the book of Jonah, which breaks down the literary design of the book and its flow of thought. The book of Jonah is a subversive story about a rebellious prophet who despises his God for loving his enemies.",Old Testament
eng,mic,https://youtu.be/MFEUEcylwLc,Overview: Micah,"Watch our overview video on the book of Micah, which breaks down the literary design of the book and its flow of thought. In this book, Micah announces that God's justice is coming in order to create a new future of love and faithfulness on the other side of Israel's sin and exile.",Old Testament
eng,nam,https://youtu.be/Y30DanA5EhU,Overview: Nahum,"Watch our overview video on the book of Nahum, which breaks down the literary design of the book and its flow of thought. In this book, Nahum portrays the downfall of Nineveh and Assyria as an image of how God will confront and bring down all violent human empires.",Old Testament
eng,hab,https://youtu.be/OPMaRqGJPUU,Overview: Habakkuk,"Watch our overview video on the book of Habakkuk, which breaks down the literary design of the book and its flow of thought. In this book, Habakkuk struggles to understand God's goodness in the midst of such evil and injustice in the world.",Old Testament
eng,zep,https://youtu.be/oFZknKPNvz8,Overview: Zephaniah,"Watch our overview video on the book of Zephaniah, which breaks down the literary design of the book and its flow of thought. In this book, Zephaniah announces God’s purifying judgment on Israel. It will remove evil and open up a new future where all people can flourish in peace.",Old Testament
eng,hag,https://youtu.be/juPvv_xcX-U,Overview: Haggai,"Watch our overview video on the book of Haggai, which breaks down the literary design of the book and its flow of thought. In this book, Haggai challenges Israel after the exile to remain faithful to their God and rebuild the temple.",Old Testament
eng,zec,https://youtu.be/_106IfO6Kc0,Overview: Zechariah,"Watch our overview video on the book of Zechariah, which breaks down the literary design of the book and its flow of thought. In this book, Zechariah's visions foster hope in the future promise of the messianic kingdom and challenge Israel after the exile to remain faithful to God.",Old Testament
eng,mal,https://youtu.be/HPGShWZ4Jvk,Overview: Malachi,"Watch our overview video on the book of Malachi, which breaks down the literary design of the book and its flow of thought. In this book, Malachi accuses Israel of selfishness after the exile and announces that the day of the Lord will purify Israel and prepare them for God's kingdom.",Old Testament
eng,NT,https://youtu.be/Q0BrP8bqj0c,Overview: New Testament,Watch our overview video on the New Testament. This video breaks down the literary design of the entire New Testament and how it continues the story of the Hebrew Scriptures.,New Testament
eng,mat,https://youtu.be/3Dv4-n6OYGI,Overview: Matthew Ch. 1-13,"Watch our overview video on Matthew Ch. 1-13, which breaks down the literary design of the book and its flow of thought. In Matthew, Jesus brings God’s heavenly kingdom to earth and invites his disciples into a new way of life through his death and resurrection.",New Testament
eng,mat,https://youtu.be/GGCF3OPWN14,Overview: Matthew Ch. 14-28,"Watch our overview video on Matthew Ch. 14-28, which breaks down the literary design of the book and its flow of thought. In Matthew, Jesus brings God’s heavenly kingdom to earth and invites his disciples into a new way of life through his death and resurrection.",New Testament
eng,mrk,https://youtu.be/HGHqu9-DtXk,Overview: Mark,"Watch our overview video on the book of Mark, which breaks down the literary design of the book and its flow of thought. Mark demonstrates that Jesus is Israel's Messiah who inaugurates God’s kingdom through his suffering, death, and resurrection.",New Testament
eng,luk,https://youtu.be/XIb_dCIxzr0,Overview: Luke Ch. 1-9,"Watch our overview video on the book of Luke, which breaks down the literary design of the book and its flow of thought. In Luke, Jesus carries the covenant story of God and Israel to its culmination and he announces the good news of God’s kingdom to the poor and the rich.",New Testament
eng,luk,https://youtu.be/26z_KhwNdD8,Overview: Luke Ch. 10-24,"Watch our overview video on the book of Luke, which breaks down the literary design of the book and its flow of thought. In Luke, Jesus carries the covenant story of God and Israel to its culmination and he announces the good news of God’s kingdom to the poor and the rich.",New Testament
eng,jhn,https://youtu.be/G-2e9mMf7E8,Overview: John Ch. 1-12,"Watch our overview video on the Gospel of John, which breaks down the literary design of the book and its flow of thought. In John, Jesus becomes human as the incarnation of the creator God of Israel, to share His love and the gift of eternal life with the world.",New Testament
eng,jhn,https://youtu.be/RUfh_wOsauk,Overview: John Ch. 13-21,"Watch our overview video on the Gospel of John, which breaks down the literary design of the book and its flow of thought. In John, Jesus becomes human as the incarnation of the creator God of Israel, to share His love and the gift of eternal life with the world.",New Testament
eng,act,https://youtu.be/CGbNw855ksw,Overview: Acts Ch. 1-12,"Watch our overview video on the book of Acts, which breaks down the literary design of the book and its flow of thought. In Acts, Jesus sends the Holy Spirit to empower his disciples as they carry the good news of his kingdom to the nations of the world.",New Testament
eng,act,https://youtu.be/Z-17KxpjL0Q,Overview: Acts Ch. 13-28,"Watch our overview video on the book of Acts, which breaks down the literary design of the book and its flow of thought. In Acts, Jesus sends the Holy Spirit to empower his disciples as they carry the good news of his kingdom to the nations of the world.",New Testament
eng,rom,https://youtu.be/ej_6dVdJSIU,Overview: Romans Ch. 1-4,"Watch our overview video on the book of Romans, which breaks down the literary design of the book and its flow of thought. Paul shows how Jesus created the new covenant family of Abraham through his death and resurrection and the sending of the Spirit.",New Testament
eng,rom,https://youtu.be/0SVTl4Xa5fY,Overview: Romans Ch. 5-16,"Watch our overview video on the book of Romans, which breaks down the literary design of the book and its flow of thought. Paul shows how Jesus created the new covenant family of Abraham through his death and resurrection and the sending of the Spirit.",New Testament
eng,1co,https://youtu.be/yiHf8klCCc4,Overview: 1 Corinthians,"Watch our overview video on the book of 1 Corinthians, which breaks down the literary design of the book and its flow of thought. In 1 Corinthians, Paul shows the new Christians in Corinth that all of life's most complex problems can be seen through the lens of the gospel.",New Testament
eng,2co,https://youtu.be/3lfPK2vfC54,Overview: 2 Corinthians,"Watch our overview video on 2 Corinthians, which breaks down the literary design of the book and its flow of thought. In 2 Corinthians, Paul resolves his conflict with the Corinthians by showing how the scandal of the crucifixion turns our value systems upside-down.",New Testament
eng,gal,https://youtu.be/vmx4UjRFp0M,Overview: Galatians,"Watch our overview video on the book of Galatians, which breaks down the literary design of the book and its flow of thought. In Galatians, Paul challenges the Galatian Christians to stop allowing controversial Torah observances to divide their church's congregation.",New Testament
eng,eph,https://youtu.be/Y71r-T98E2Q,Overview: Ephesians,"Watch our overview video on the book of Ephesians, which breaks down the literary design of the book and its flow of thought. In Ephesians, Paul shows how the good news should create ethnically diverse communities that are unified by devotion to Jesus and to each other.",New Testament
eng,php,https://youtu.be/oE9qqW1-BkU,Overview: Philippians,"Watch our overview video on the book of Philippians, which breaks down the literary design of the book and its flow of thought. In Phillippians, Paul thanks the Philippian Christians for their generosity and shares how they are all called to imitate Jesus’ self-giving love.",New Testament
eng,col,https://youtu.be/pXTXlDxQsvc,Overview: Colossians,"Watch our overview video on the book of Colossians, which breaks down the literary design of the book and its flow of thought. In Colossians, Paul encourages the Colossian Christians to see Jesus as the center of all reality, so they don’t give in to pressure from other religions.",New Testament
eng,1th,https://youtu.be/No7Nq6IX23c,Overview: 1 Thessalonians,"Watch our overview video on 1 Thessalonians, which breaks down the literary design of the book and its flow of thought. In 1 Thessalonians, Paul directs the persecuted Thessalonian Christians to hope in the future of king Jesus' return who will make all things right.",New Testament
eng,2th,https://youtu.be/kbPBDKOn1cc,Overview: 2 Thessalonians,"Watch our overview video on 2 Thessalonians, which breaks down the literary design of the book and its flow of thought. In 2 Thessalonians, Paul clarified his earlier teachings about Jesus' future return and rebukes the Christians who were disrupting the community.",New Testament
eng,1ti,https://youtu.be/7RoqnGcEjcs,Overview: 1 Timothy,"Watch our overview video on 1 Timothy, which breaks down the literary design of the book and its flow of thought. In 1 Timothy, Paul shows Timothy how to restore order and purpose to the church in Ephesus which has been disrupted by false teachers.",New Testament
eng,2ti,https://youtu.be/urlvnxCaL00,Overview: 2 Timothy,"Watch our overview video on 2 Timothy, which breaks down the literary design of the book and its flow of thought. In 2 Timothy, Paul is near execution and offers a personal challenge to Timothy to keeping following Jesus no matter the sacrifice and risk.",New Testament
eng,tit,https://youtu.be/PUEYCVXJM3k,Overview: Titus,"Watch our overview video on the book of Titus, which breaks down the literary design of the book and its flow of thought. In Titus, Paul commissions Titus to show how the good news of Jesus and the power of the Spirit can transform the Cretan culture from within.",New Testament
eng,phm,https://youtu.be/aW9Q3Jt6Yvk,Overview: Philemon,"Watch our overview video on the book of Philemon, which breaks down the literary design of the book and its flow of thought. In this letter, Paul helps his friend Philemon to reconcile with his escaped former slave Onesimus and shows that they are equals because of Jesus.",New Testament
eng,heb,https://youtu.be/1fNWTZZwgbs,Overview: Hebrews,"Watch our overview video on the book of Hebrews, which breaks down the literary design of the book and its flow of thought. In Hebrews, the author shows how Jesus is the ultimate revelation of God's love and mercy and is worthy of our devotion.",New Testament
eng,jas,https://youtu.be/qn-hLHWwRYY,Overview: James,"Watch our overview video on the book of James, which breaks down the literary design of the book and its flow of thought. In this book, James combines the wisdom of his brother Jesus with the book of Proverbs in his own challenging call to live a life wholly devoted to God.",New Testament
eng,1pe,https://youtu.be/WhP7AZQlzCg,Overview: 1 Peter,"Watch our overview video on 1 Peter, which breaks down the literary design of the book and its flow of thought. Peter offers hope to persecuted Christians and guides them with practical instruction on living life consistent with following Jesus.",New Testament
eng,2pe,https://youtu.be/wWLv_ITyKYc,Overview: 2 Peter,"Watch our overview video on 2 Peter, which breaks down the literary design of the book and its flow of thought. In 2 Peter, Peter calls for faithfulness and confronts corrupt teachers who distorted the message about Jesus and lead others astray.",New Testament
eng,"1jn, 2jn, 3jn",https://youtu.be/l3QkE6nKylM,Overview: 1-3 John,"Watch our overview video on the letters of John, which breaks down the literary design of the book and its flow of thought. John calls followers of Jesus to share in God's own life and love by devoting themselves to loving one another.",New Testament
