abbr,short,long,bookCode,language
2ki,2 Kings,2 Kings,2ki,eng
আদি,আদিপুস্তক,আদি পুস্তক,gen,asm
যাত্ৰা,যাত্রাপুস্তক,যাত্ৰা পুস্তক,exo,asm
লেবী,লেবীয়া পুস্তক,লেবীয়া পুস্তক,lev,asm
গন,গননা পুস্তক,গননা পুস্তক,num,asm
দ্বি.বি.,দ্বিতীয় বিৱৰণ,দ্বিতীয় বিৱৰণ,deu,asm
যিহো,যিহোচূৱা,যিহোচূৱা,jos,asm
বিচাৰ,বিচাৰকর্তাবিলাক,বিচাৰকর্তাবিলাক,jdg,asm
ৰূথ,ৰূথ,ৰূথ,rut,asm
1চমূ,1 চমূৱেল,1 চমূৱেল,1sa,asm
2চমূ,2 চমূৱেল,2 চমূৱেল,2sa,asm
1ৰাজা,1 ৰাজাৱলী,1 ৰাজাৱলী,1ki,asm
2ৰাজা,2 ৰাজাৱলি,2 ৰাজাৱলি,2ki,asm
1 বংশা,1 বংশাৱলি,1 বংশাৱলি,1ch,asm
2বংশা,2 বংশাৱলি,2 বংশাৱলি,2ch,asm
ইজ্ৰা,ইজ্ৰা,ইজ্ৰা,ezr,asm
নহি,নহিমিয়া,নহিমিয়া,neh,asm
ইষ্ট,ইষ্টেৰ,ইষ্টেৰ,est,asm
ইয়ো,ইয়োব,ইয়োব,job,asm
গীত,গীতমালা,গীতমালা,psa,asm
হিতো,হিতোপদেশ,হিতোপদেশ,pro,asm
উপ,উপদেশক,উপদেশক,ecc,asm
পৰম,পৰমগীত,পৰমগীত,sng,asm
যিচ,যিচয়া,যিচয়া,isa,asm
যিৰি,যিৰিমিয়া,যিৰিমিয়া,jer,asm
বিলা,বিলাপ,বিলাপ,lam,asm
যিহি,যিহিষ্কেল,যিহিষ্কেল,ezk,asm
দানি,দানিয়েল,দানিয়েল,dan,asm
হোচ,হোচেয়া,হোচেয়া,hos,asm
যোৱে,যোৱেল,যোৱেল,jol,asm
আমো,আমোচ,আমোচ,amo,asm
ওব,ওবদিয়া,ওবদিয়া,oba,asm
যোনা,যোনা,যোনা,jon,asm
মীখা,মীখা,মীখা,mic,asm
নহূ,নহূম,নহূম,nam,asm
হব,হবক্কুক,হবক্কুক,hab,asm
চফ,চফনিয়া,চফনিয়া,zep,asm
হ্গ্গ,হ্গ্গয়,হ্গ্গয়,hag,asm
জখ,জখৰিয়া,জখৰিয়া,zec,asm
মলা,মলাখী,মলাখী,mal,asm
মথি,মথি,মথিয়ে লিখা শুভবাৰ্তা,mat,asm
মাৰ্ক,মাৰ্ক,মাৰ্কে লিখা শুভবাৰ্তা,mrk,asm
লূক,লূক,লূকে লিখা শুভবার্তা,luk,asm
যোহন,যোহন,যোহনে লিখা শুভবাৰ্তা,jhn,asm
পাঁচনি,পাঁচনি,পাঁচনি সকলৰ কৰ্ম,act,asm
ৰোমীয়া,ৰোমীয়া,ৰোমীয়া সকলৰ প্ৰতি পত্ৰ,rom,asm
1কৰি,1 কৰিন্থীয়া,1 কৰিন্থীয়া,1co,asm
2কৰি,2 কৰিন্থীয়া,2 কৰিন্থীয়া,2co,asm
গালা,গালাতীয়া,গালাতীয়া পত্র,gal,asm
ইফি,ইফিচীয়া,ইফিচীয়া পত্ৰ,eph,asm
ফিল,ফিলিপীয়া,ফিলিপীয়া পত্ৰ,php,asm
কল,কলচীয়া,কলচীয়া পত্ৰ,col,asm
1থিচ,1 থিচলনীকীয়া,1 থিচলনীকীয়া,1th,asm
2থিচ,2 থিচলনীকীয়া,2 থিচলনীকীয়া,2th,asm
1তীম,1 তীমথিয়,1 তীমথিয়,1ti,asm
2তীম,2 তীমথিয়,2 তীমথিয়,2ti,asm
তীত,তীত,তীতৰ প্ৰতি পত্ৰ,tit,asm
ফিলী,ফিলীমন,ফিলীমনৰ প্ৰতি পত্ৰ,phm,asm
ইব্ৰী,ইব্ৰী,ইব্ৰীসকলৰ প্ৰতি পত্ৰ,heb,asm
যাকো,যাকোব,যাকোবৰ পত্ৰ,jas,asm
1পিত,1 পিতৰ,1 পিতৰ,1pe,asm
2পিত,2 পিতৰ,2 পিতৰ,2pe,asm
1যো,1 যোহন,1 যোহন,1jn,asm
2যো,2 যোহন,2 যোহন,2jn,asm
3যো,3 যোহন,3 যোহন,3jn,asm
যিহূদা,যিহূদা,যিহূদাৰ পত্ৰ,jud,asm
প্ৰকা,প্ৰকাশিত বাক্য,যোহনৰ প্ৰতি প্ৰকাশিত বাক্য,rev,asm
আদি,আদি,আদি পুস্তক,gen,ben
যাত্ৰা,যাত্ৰা,যাত্ৰা পুস্তক,exo,ben
লেবী,লেবীয়া,লেবীয়া পুস্তক,lev,ben
গন,গননা,গননা পুস্তক,num,ben
1 રાજા.,1 રાજાઓ,1 રાજાઓ,1ki,guj
দ্বি.বি.,দ্বিতীয় বিৱৰণ,দ্বিতীয় বিৱৰণ,deu,ben
যিহো,যিহোচূৱা,যিহোচূৱা,jos,ben
বিচাৰ,বিচাৰকর্তাবিলাক,বিচাৰকর্তাবিলাক,jdg,ben
ৰূথ,ৰূথ,ৰূথ,rut,ben
1চমূ,1 চমূৱেল,1 চমূৱেল,1sa,ben
2চমূ,2 চমূৱেল,2 চমূৱেল,2sa,ben
1ৰাজা,1 ৰাজাৱলী,1 ৰাজাৱলী,1ki,ben
2ৰাজা,2 ৰাজাৱলি,2 ৰাজাৱলি,2ki,ben
1 বংশা,1 বংশাৱলি,1 বংশাৱলি,1ch,ben
2বংশা,2 বংশাৱলি,2 বংশাৱলি,2ch,ben
ইজ্ৰা,ইজ্ৰা,ইজ্ৰা,ezr,ben
নহি,নহিমিয়া,নহিমিয়া,neh,ben
ইষ্ট,ইষ্টেৰ,ইষ্টেৰ,est,ben
ইয়ো,ইয়োব,ইয়োব,job,ben
গীত,গীতমালা,গীতমালা,psa,ben
হিতো,হিতোপদেশ,হিতোপদেশ,pro,ben
উপ,উপদেশক,উপদেশক,ecc,ben
পৰম,পৰমগীত,পৰমগীত,sng,ben
যিচ,যিচয়া,যিচয়া,isa,ben
যিৰি,যিৰিমিয়া,যিৰিমিয়া,jer,ben
বিলা,বিলাপ,বিলাপ,lam,ben
যিহি,যিহিষ্কেল,যিহিষ্কেল,ezk,ben
দানি,দানিয়েল,দানিয়েল,dan,ben
হোচ,হোচেয়া,হোচেয়া,hos,ben
যোৱে,যোৱেল,যোৱেল,jol,ben
আমো,আমোচ,আমোচ,amo,ben
ওব,ওবদিয়া,ওবদিয়া,oba,ben
যোনা,যোনা,যোনা,jon,ben
মীখা,মীখা,মীখা,mic,ben
নহূ,নহূম,নহূম,nam,ben
হব,হবক্কুক,হবক্কুক,hab,ben
চফ,চফনিয়া,চফনিয়া,zep,ben
হ্গ্গ,হ্গ্গয়,হ্গ্গয়,hag,ben
জখ,জখৰিয়া,জখৰিয়া,zec,ben
মলা,মলাখী,মলাখী,mal,ben
মথি,মথি,মথিয়ে লিখা শুভবাৰ্তা,mat,ben
মার্ক,মার্ক,মাৰ্কে লিখা শুভবাৰ্তা,mrk,ben
লূক,লূক,লূকে লিখা শুভবার্তা,luk,ben
যোহন,যোহন,যোহনে লিখা শুভবাৰ্তা,jhn,ben
পাঁচনি,पশিষ্যচরিত,পাঁচনি সকলৰ কৰ্ম,act,ben
ৰোমীয়া,ৰোমীয়া,ৰোমীয়া সকলৰ প্ৰতি পত্ৰ,rom,ben
1কৰি,1 কৰিন্থীয়া,1 কৰিন্থীয়া,1co,ben
2কৰি,2 কৰিন্থীয়া,2 কৰিন্থীয়া,2co,ben
গালা,গালাতীয়া,গালাতীয়া পত্র,gal,ben
ইফি,ইফিচীয়া,ইফিচীয়া পত্ৰ,eph,ben
ফিল,ফিলিপীয়া,ফিলিপীয়া পত্ৰ,php,ben
কল,কলচীয়া,কলচীয়া পত্ৰ,col,ben
1থিচ,1 থিচলনীকীয়া,1 থিচলনীকীয়া,1th,ben
2থিচ,2 থিচলনীকীয়া,2 থিচলনীকীয়া,2th,ben
1তীম,1 তীমথিয়,1 তীমথিয়,1ti,ben
2তীম,2 তীমথিয়,2 তীমথিয়,2ti,ben
তীত,তীত,তীতৰ প্ৰতি পত্ৰ,tit,ben
ফিলী,ফিলীমন,ফিলীমনৰ প্ৰতি পত্ৰ,phm,ben
ইব্ৰী,হিব্রুদের,ইব্ৰীসকলৰ প্ৰতি পত্ৰ,heb,ben
যাকো,যাকোবের,যাকোবৰ পত্ৰ,jas,ben
1পিত,1 পিতরের,1 পিতৰ,1pe,ben
2পিত,2 পিতরের,2 পিতৰ,2pe,ben
1যো,1 যোহনের,1 যোহন,1jn,ben
2যো,2 যোহনের,2 যোহন,2jn,ben
3যো,3 যোহনের,3 যোহন,3jn,ben
যিহূদা,যুদের,যিহূদাৰ পত্ৰ,jud,ben
প্ৰকা,पপ্রত্যাদেশ,যোহনৰ প্ৰতি প্ৰকাশিত বাক্য,rev,ben
ઉત.,ઉત્પત્તિ,ઉત્પત્તિ,gen,guj
નિર્ગ.,નિર્ગમન,નિર્ગમન,exo,guj
લેવ.,લેવીય,લેવીય,lev,guj
ગણ.,ગણના,ગણના,num,guj
પુન.,પુનર્નિયમ,પુનર્નિયમ,deu,guj
યહો.,યહોશુઆ,યહોશુઆ,jos,guj
ન્યાય.,ન્યાયાધીશો,ન્યાયાધીશો,jdg,guj
રૂથ.,રૂથ,રૂથ,rut,guj
1 શમુ.,1 શમુએલ,1 શમુએલ,1sa,guj
2 શમુ.,2 શમુએલ,2 શમુએલ,2sa,guj
2 રાજા.,2 રાજાઓ,2 રાજાઓ,2ki,guj
1 કાળ.,1 કાળવૃતાંત,1 કાળવૃતાંત,1ch,guj
2 કાળ.,2 કાળવૃતાંત,2 કાળવૃતાંત,2ch,guj
એઝ.,એઝરા,એઝરા,ezr,guj
નહે.,નહેમ્યા,નહેમ્યા,neh,guj
એસ્.,એસ્તેર,એસ્તેર,est,guj
અયૂ.,અયૂબ,અયૂબ,job,guj
ગી.શા.,ગીતશાસ્ત્ર,ગીતશાસ્ત્ર,psa,guj
નીતિ.,નીતિવચનો,નીતિવચનો,pro,guj
સભા.,સભાશિક્ષક,સભાશિક્ષક,ecc,guj
ગીત.,ગીતોનું ગીત,ગીતોનું ગીત,sng,guj
યશા.,યશાયા,યશાયા,isa,guj
યર્મિ.,યર્મિયા,યર્મિયા,jer,guj
વિલા.,યર્મિયાનો વિલાપ,યર્મિયાનો વિલાપ,lam,guj
હઝ.,હઝકિયેલ,હઝકિયેલ,ezk,guj
દાન.,દાનિયેલ,દાનિયેલ,dan,guj
હોશ.,હોશિયા,હોશિયા,hos,guj
યોએ.,યોએલ,યોએલ,jol,guj
આમ.,આમોસ,આમોસ,amo,guj
ઓબ.,ઓબાદ્યા,ઓબાદ્યા,oba,guj
યૂન.,યૂના,યૂના,jon,guj
મીખ.,મીખાહ,મીખાહ,mic,guj
નાહ.,નાહૂમ,નાહૂમ,nam,guj
હબ.,હબાક્કુક,હબાક્કુક,hab,guj
સફ.,સફાન્યા,સફાન્યા,zep,guj
હાગ.,હાગ્ગાય,હાગ્ગાય,hag,guj
ઝખ.,ઝખાર્યા,ઝખાર્યા,zec,guj
માલ.,માલાખી,માલાખી,mal,guj
માથ.,માથ્થી,માથ્થીની લખેલી સુવાર્તા,mat,guj
માર્ક,માર્ક,માર્કની લખેલી સુવાર્તા,mrk,guj
લૂક,લૂક,લૂકની લખેલી સુવાર્તા,luk,guj
યોહ.,યોહાન,યોહાનની લખેલી સુવાર્તા,jhn,guj
પ્રે.કૃ.,પ્રેરિતોનાં ક્રત્યો,પ્રેરીતોનાં કૃત્યો,act,guj
રોમ.,રોમનોને,રોમનોને પાઉલ પ્રેરીતનો પત્ર,rom,guj
1 કરિં.,1 કરિંથીઓને,કરિંથીઓને પાઉલ પ્રેરીતનો પહેલો પત્ર,1co,guj
2 કરિં.,2 કરિંથીઓને,કરિંથીઓને પાઉલ પ્રેરીતનો બીજો પત્ર,2co,guj
ગલ.,ગલાતીઓને,ગલાતીઓને પાઉલ પ્રેરીતનો પત્ર,gal,guj
એફે.,એફેસીઓને,એફેસીઓને પાઉલ પ્રેરીતનો પત્ર,eph,guj
ફિલિ.,ફિલિપ્પીઓને,ફિલિપ્પીઓને પાઉલ પ્રેરીતનો પત્ર,php,guj
કલો.,ક્લોસ્સીઓને,ક્લોસ્સીઓને પાઉલ પ્રેરીતનો પત્ર,col,guj
ಮಾರ್ಕ,ಮಾರ್ಕನು,ಮಾರ್ಕನು,mrk,kan
1 થેસ.,1 થેસ્સલોનિકીઓને,થેસ્સલોનિકીઓને પાઉલ પ્રેરીતનો પહેલો પત્ર,1th,guj
2 થેસ.,2 થેસ્સલોનિકીઓને,થેસ્સલોનિકીઓને પાઉલ પ્રેરીતનો બીજો પત્ર,2th,guj
1 તિમ.,1 તિમોથીને,તિમોથીને પાઉલ પ્રેરીતનો પહેલો પત્ર,1ti,guj
2 તિમ.,2 તિમોથીને,તિમોથીને પાઉલ પ્રેરીતનો બીજો પત્ર,2ti,guj
તિત.,તિતસને,તિતસને પાઉલ પ્રેરીતનો પત્ર,tit,guj
ફિલે.,ફિલેમોનને,ફિલેમોનને પાઉલ પ્રેરીતનો પત્ર,phm,guj
હિબ.,હિબ્રૂઓને,હિબ્રૂઓને પત્ર,heb,guj
યાકૂ.,યાકૂબનો,યાકૂબનો પત્ર,jas,guj
1 પિત.,1 પિતરનો,પિતરનો પહેલો પત્ર,1pe,guj
2 પિત.,2 પિતરનો,પિતરનો બીજો પત્ર,2pe,guj
1 યોહ.,1 યોહાનનો,યોહાનનો પહેલો પત્ર,1jn,guj
2 યોહ.,2 યોહાનનો,યોહાનનો બીજો પત્ર,2jn,guj
3 યોહ.,3 યોહાનનો,યોહાનનો ત્રીજો પત્ર,3jn,guj
યહૂ.,યહૂદાનો,યહૂદાનો પત્ર,jud,guj
પ્રક.,પ્રકટીકરણ,પ્રકટીકરણ,rev,guj
उत्प.,उत्पत्ति,उत्पत्ति,gen,hin
निर्ग.,निर्गमन,निर्गमन,exo,hin
लैव्य.,लैव्यव्यवस्था,लैव्यव्यवस्था,lev,hin
गिन.,गिनती,गिनती,num,hin
व्यव.,व्यवस्थाविवरण,व्यवस्थाविवरण,deu,hin
यहो.,यहोशू,यहोशू,jos,hin
न्याय.,न्यायियों,न्यायियों,jdg,hin
रूत,रूत,रूत,rut,hin
1 शमू.,1 शमूएल,शमूएल की पहली पुस्तक,1sa,hin
2 शमू.,2 शमूएल,शमूएल की दूसरी पुस्तक,2sa,hin
1 राजा.,1 राजाओं,राजाओं की पहली पुस्तक,1ki,hin
2 राजा.,2 राजाओं,राजाओं की दूसरी पुस्तक,2ki,hin
1 इति.,1 इतिहास,इतिहास की पहली पुस्तक,1ch,hin
2 इति.,2 इतिहास,इतिहास की दूसरी पुस्तक,2ch,hin
एज्रा,एज्रा,एज्रा,ezr,hin
नहे.,नहेम्याह,नहेम्याह,neh,hin
एस्ते.,एस्तेर,एस्तेर,est,hin
अय्यू.,अय्यूब,अय्यूब,job,hin
भज.,भजन संहिता,भजन संहिता,psa,hin
नीति.,नीतिवचन,नीतिवचन,pro,hin
सभो.,सभोपदेशक,सभोपदेशक,ecc,hin
श्रेष्ठ.,श्रेष्ठगीत,श्रेष्ठगीत,sng,hin
यशा.,यशायाह,यशायाह,isa,hin
यिर्म.,यिर्मयाह,यिर्मयाह,jer,hin
विला.,विलापगीत,विलापगीत,lam,hin
यहे.,यहेजकेल,यहेजकेल,ezk,hin
दानि.,दानिय्येल,दानिय्येल,dan,hin
होशे,होशे,होशे,hos,hin
योए.,योएल,योएल,jol,hin
आमो.,आमोस,आमोस,amo,hin
ओब.,ओबद्याह,ओबद्याह,oba,hin
योना,योना,योना,jon,hin
मीका,मीका,मीका,mic,hin
नहू.,नहूम,नहूम,nam,hin
हब.,हबक्कूक,हबक्कूक,hab,hin
सप.,सपन्याह,सपन्याह,zep,hin
हाग्गै,हाग्गै,हाग्गै,hag,hin
जक.,जकर्याह,जकर्याह,zec,hin
मला.,मलाकी,मलाकी,mal,hin
मत्ती,मत्ती,मत्ती रचित सुसमाचार,mat,hin
मर.,मरकुस,मरकुस रचित सुसमाचार,mrk,hin
लूका,लूका,लूका रचित सुसमाचार,luk,hin
यूह.,यूहन्ना,यूहन्ना रचित सुसमाचार,jhn,hin
प्रेरि.,प्रेरितों के काम,प्रेरितों के काम,act,hin
रोम.,रोमियों,रोमियों के नाम पौलुस प्रेरित की पत्री,rom,hin
1कुरि.,1 कुरिन्थियों,कुरिन्थियों के नाम पौलुस प्रेरित की पहली पत्री,1co,hin
2कुरि.,2 कुरिन्थियों,कुरिन्थियों के नाम पौलुस प्रेरित की दूसरी पत्री,2co,hin
गला.,गलातियों,गलातियों के नाम पौलुस प्रेरित की पत्री,gal,hin
इफि.,इफिसियों,इफिसियों के नाम पौलुस प्रेरित की पत्री,eph,hin
फिलि.,फिलिप्पियों,फिलिप्पियों के नाम पौलुस प्रेरित की पत्री,php,hin
कुलु.,कुलुस्सियों,कुलुस्सियों के नाम पौलुस प्रेरित की पत्री,col,hin
1थिस्स.,1 थिस्सलुनीकियों,थिस्सलुनीकियों के नाम पौलुस प्रेरित की पहली पत्री,1th,hin
2 थिस्स.,2 थिस्सलुनीकियों,थिस्सलुनीकियों के नाम पौलुस प्रेरित की दूसरी पत्री,2th,hin
1 तीमु.,1 तीमुथियुस,तीमुथियुस के नाम प्रेरित पौलुस की पहली पत्री,1ti,hin
2 तीमु.,2 तीमुथियुस,तीमुथियुस के नाम प्रेरित पौलुस की दूसरी पत्री,2ti,hin
तीतु.,तीतुस,तीतुस के नाम प्रेरित पौलुस की पत्री,tit,hin
फिले.,फिलेमोन,फिलेमोन के नाम प्रेरित पौलुस की पत्री,phm,hin
इब्रा.,इब्रानियों,इब्रानियों के नाम पत्री,heb,hin
याकू.,याकूब,याकूब की पत्री,jas,hin
1 पत.,1 पतरस,पतरस की पहली पत्री,1pe,hin
2 पत.,2 पतरस,पतरस की दूसरी पत्री,2pe,hin
1 यूह.,1 यूहन्ना,यूहन्ना की पहली पत्री,1jn,hin
2 यूह.,2 यूहन्ना,यूहन्ना की दूसरी पत्री,2jn,hin
3 यूह.,3 यूहन्ना,यूहन्ना की तीसरी पत्री,3jn,hin
यहू.,यहूदा,यहूदा की पत्री,jud,hin
प्रका.,प्रकाशितवाक्य,यूहन्ना का प्रकाशितवाक्य,rev,hin
ಆದಿ,ಆದಿಕಾಂಡ,ಆದಿಕಾಂಡ,gen,kan
ವಿಮೋ,ವಿಮೋಚನಕಾಂಡ,ವಿಮೋಚನಕಾಂಡ,exo,kan
ಯಾಜ,ಯಾಜಕಕಾಂಡ,ಯಾಜಕಕಾಂಡ,lev,kan
ಅರಣ್ಯ,ಅರಣ್ಯಕಾಂಡ,ಅರಣ್ಯಕಾಂಡ,num,kan
ಧರ್ಮೋ,ಧರ್ಮೋಪದೇಶಕಾಂಡ,ಧರ್ಮೋಪದೇಶಕಾಂಡ,deu,kan
ಯೆಹೋ,ಯೆಹೋಶುವನು,ಯೆಹೋಶುವನು,jos,kan
ನ್ಯಾಯ,ನ್ಯಾಯಸ್ಥಾಪಕರು,ನ್ಯಾಯಸ್ಥಾಪಕರು,jdg,kan
ರೂತ,ರೂತಳು,ರೂತಳು,rut,kan
1ಸಮು,1 ಸಮುವೇಲನು,1 ಸಮುವೇಲನು,1sa,kan
2ಸಮು,2 ಸಮುವೇಲನು,2 ಸಮುವೇಲನು,2sa,kan
1ಅರಸು,1 ಅರಸುಗಳು,1 ಅರಸುಗಳು,1ki,kan
2ಅರಸು,2 ಅರಸುಗಳು,2 ಅರಸುಗಳು,2ki,kan
1ಪೂರ್ವ,1 ಪೂರ್ವಕಾಲವೃತ್ತಾಂತ,1 ಪೂರ್ವಕಾಲವೃತ್ತಾಂತ,1ch,kan
2ಪೂರ್ವ,2 ಪೂರ್ವಕಾಲವೃತ್ತಾಂತ,2 ಪೂರ್ವಕಾಲವೃತ್ತಾಂತ,2ch,kan
ಎಜ್ರ,ಎಜ್ರನು,ಎಜ್ರನು,ezr,kan
ನೆಹೆ,ನೆಹೆಮೀಯನು,ನೆಹೆಮೀಯನು,neh,kan
ಎಸ್ತೇ,ಎಸ್ತೇರಳು,ಎಸ್ತೇರಳು,est,kan
ಯೋಬ,ಯೋಬನು,ಯೋಬನು,job,kan
ಕೀರ್ತ,ಕೀರ್ತನೆಗಳು,ಕೀರ್ತನೆಗಳು,psa,kan
ಜ್ಞಾನೋ,ಜ್ಞಾನೋಕ್ತಿಗಳು,ಜ್ಞಾನೋಕ್ತಿಗಳು,pro,kan
ಪ್ರಸ,ಪ್ರಸಂಗಿ,ಪ್ರಸಂಗಿ,ecc,kan
ಪ. ಗೀ.,ಪರಮಗೀತೆ,ಪರಮಗೀತೆ,sng,kan
ಯೆಶಾ,ಯೆಶಾಯನು,ಯೆಶಾಯನು,isa,kan
ಯೆರೆ,ಯೆರೆಮೀಯನು,ಯೆರೆಮೀಯನು,jer,kan
ಪ್ರಲಾ,ಪ್ರಲಾಪಗಳು,ಪ್ರಲಾಪಗಳು,lam,kan
ಯೆಹೆ,ಯೆಹೆಜ್ಕೇಲನು,ಯೆಹೆಜ್ಕೇಲನು,ezk,kan
ದಾನಿ,ದಾನಿಯೇಲನು,ದಾನಿಯೇಲನು,dan,kan
ಹೋಶೇ,ಹೋಶೇಯನು,ಹೋಶೇಯನು,hos,kan
ಯೋವೇ,ಯೋವೇಲನು,ಯೋವೇಲನು,jol,kan
ಆಮೋ,ಆಮೋಸನು,ಆಮೋಸನು,amo,kan
ಓಬ,ಓಬದ್ಯನು,ಓಬದ್ಯನು,oba,kan
ಯೋನ,ಯೋನನು,ಯೋನನು,jon,kan
ಮೀಕ,ಮೀಕನು,ಮೀಕನು,mic,kan
ನಹೂ,ನಹೂಮನು,ನಹೂಮನು,nam,kan
ಹಬ,ಹಬಕ್ಕೂಕನು,ಹಬಕ್ಕೂಕನು,hab,kan
ಚೆಫ,ಚೆಫನ್ಯನು,ಚೆಫನ್ಯನು,zep,kan
ಹಗ್ಗಾ,ಹಗ್ಗಾಯನು,ಹಗ್ಗಾಯನು,hag,kan
ಜೆಕ,ಜೆಕರ್ಯನು,ಜೆಕರ್ಯನು,zec,kan
ಮಲಾ,ಮಲಾಕಿಯನು,ಮಲಾಕಿಯನು,mal,kan
ಮತ್ತಾ,ಮತ್ತಾಯನು,ಮತ್ತಾಯನು,mat,kan
ಲೂಕ,ಲೂಕನು,ಲೂಕನು,luk,kan
ಯೋಹಾ,ಯೋಹಾನನು,ಯೋಹಾನನು,jhn,kan
ಅ. ಕೃ.,ಅಪೊಸ್ತಲರ ಕೃತ್ಯಗಳು,ಅಪೊಸ್ತಲರ ಕೃತ್ಯಗಳು,act,kan
ರೋಮಾ,ರೋಮಾಪುರದವರಿಗೆ,ರೋಮಾಪುರದವರಿಗೆ,rom,kan
1ಕೊರಿ,1 ಕೊರಿಂಥದವರಿಗೆ,1 ಕೊರಿಂಥದವರಿಗೆ,1co,kan
2ಕೊರಿ,2 ಕೊರಿಂಥದವರಿಗೆ,2 ಕೊರಿಂಥದವರಿಗೆ,2co,kan
ಗಲಾ,ಗಲಾತ್ಯದವರಿಗೆ,ಗಲಾತ್ಯದವರಿಗೆ,gal,kan
ಎಫೆ,ಎಫೆಸದವರಿಗೆ,ಎಫೆಸದವರಿಗೆ,eph,kan
ಫಿಲಿಪ್ಪಿ,ಫಿಲಿಪ್ಪಿಯವರಿಗೆ,ಫಿಲಿಪ್ಪಿಯವರಿಗೆ,php,kan
ಕೊಲೊ,ಕೊಲೊಸ್ಸೆಯವರಿಗೆ,ಕೊಲೊಸ್ಸೆಯವರಿಗೆ,col,kan
1ಥೆಸ,1 ಥೆಸಲೋನಿಕದವರಿಗೆ,1 ಥೆಸಲೋನಿಕದವರಿಗೆ,1th,kan
2ಥೆಸ,2 ಥೆಸಲೋನಿಕದವರಿಗೆ,2 ಥೆಸಲೋನಿಕದವರಿಗೆ,2th,kan
1ತಿಮೊ,1 ತಿಮೊಥೆಯನಿಗೆ,1 ತಿಮೊಥೆಯನಿಗೆ,1ti,kan
2ತಿಮೊ,2 ತಿಮೊಥೆಯನಿಗೆ,2 ತಿಮೊಥೆಯನಿಗೆ,2ti,kan
ತೀತ,ತೀತನಿಗೆ,ತೀತನಿಗೆ,tit,kan
ಫಿಲೆ,ಫಿಲೆಮೋನನಿಗೆ,ಫಿಲೆಮೋನನಿಗೆ,phm,kan
ಇಬ್ರಿ,ಇಬ್ರಿಯರಿಗೆ,ಇಬ್ರಿಯರಿಗೆ,heb,kan
ಯಾಕೋ,ಯಾಕೋಬನು,ಯಾಕೋಬನು,jas,kan
1ಪೇತ್ರ,1 ಪೇತ್ರನು,1 ಪೇತ್ರನು,1pe,kan
2ಪೇತ್ರ,2 ಪೇತ್ರನು,2 ಪೇತ್ರನು,2pe,kan
1ಯೋಹಾ,1 ಯೋಹಾನನು,1 ಯೋಹಾನನು,1jn,kan
2ಯೋಹಾ,2 ಯೋಹಾನನು,2 ಯೋಹಾನನು,2jn,kan
3ಯೋಹಾ,3 ಯೋಹಾನನು,3 ಯೋಹಾನನು,3jn,kan
ಯೂದ,ಯೂದನು,ಯೂದನು,jud,kan
ಪ್ರಕ,ಪ್ರಕಟಣೆ,ಪ್ರಕಟಣೆ,rev,kan
ഉല്പ.,ഉല്പത്തി,ഉല്പത്തിപുസ്തകം,gen,mal
പുറ.,പുറപ്പാടു്,പുറപ്പാടുപുസ്തകം,exo,mal
ലേവ്യ.,ലേവ്യപുസ്തകം,ലേവ്യപുസ്തകം,lev,mal
സംഖ്യാ.,സംഖ്യാപുസ്തകം,സംഖ്യാപുസ്തകം,num,mal
ആവർത്തനം.,ആവർത്തനം.,ആവർത്തനപുസ്തകം,deu,mal
യോശുവ,യോശുവ,യോശുവ,jos,mal
ന്യായാ.,ന്യായാധിപന്മാർ,ന്യായാധിപന്മാർ,jdg,mal
രൂത്ത്,രൂത്ത്,രൂത്ത്,rut,mal
1 ശമു.,1 ശമൂവേൽ,ശമൂവേൽ: ഒന്നാം പുസ്തകം,1sa,mal
2 ശമു.,2 ശമൂവേൽ,ശമൂവേൽ: രണ്ടാം പുസ്തകം,2sa,mal
1 രാജാ.,1 രാജാക്കന്മാർ,രാജാക്കന്മാർ: ഒന്നാം പുസ്തകം,1ki,mal
2 രാജാ.,2 രാജാക്കന്മാർ,രാജാക്കന്മാർ: രണ്ടാം പുസ്തകം,2ki,mal
1 ദിന.,1 ദിനവൃത്താന്തം,ദിനവൃത്താന്തം: ഒന്നാം പുസ്തകം,1ch,mal
2 ദിന.,2 ദിനവൃത്താന്തം,ദിനവൃത്താന്തം: രണ്ടാം പുസ്തകം,2ch,mal
എസ്രാ,എസ്രാ,എസ്രാ,ezr,mal
നെഹെ.,നെഹെമ്യാവു,നെഹെമ്യാവു,neh,mal
എസ്ഥേ.,എസ്ഥേർ,എസ്ഥേർ,est,mal
ഇയ്യോ.,ഇയ്യോബ്,ഇയ്യോബ്,job,mal
സങ്കീ.,സങ്കീൎത്തനങ്ങൾ,സങ്കീൎത്തനങ്ങൾ,psa,mal
സദൃ.,സദൃശവാക്യങ്ങൾ,സദൃശവാക്യങ്ങൾ,pro,mal
സഭാ.,സഭാപ്രസംഗി,സഭാപ്രസംഗി,ecc,mal
ഉത്ത.,ഉത്തമഗീതം,ഉത്തമഗീതം,sng,mal
യെശ.,യെശയ്യാ,യെശയ്യാപ്രവാചകന്റെ പുസ്തകം,isa,mal
യിരെ.,യിരേമ്യാവു,യിരെമ്യാപ്രവാചകന്റെ പുസ്തകം,jer,mal
വിലാ.,വിലാപങ്ങൾ,വിലാപങ്ങൾ,lam,mal
യെഹെ.,യെഹെസ്കേൽ,യെഹെസ്കേൽ,ezk,mal
ദാനീ.,ദാനീയേൽ,ദാനീയേലിന്റെ പുസ്തകം,dan,mal
ഹോശേ.,ഹോശേയ,ഹോശേയ,hos,mal
യോവേ.,യോവേൽ,യോവേൽ,jol,mal
ആമോ.,ആമോസ്,ആമോസ്,amo,mal
ഓബ.,ഓബദ്യാവു,ഓബദ്യാവു,oba,mal
യോനാ,യോനാ,യോനാ,jon,mal
മീഖാ,മീഖാ,മീഖാ,mic,mal
നഹൂം,നഹൂം,നഹൂം,nam,mal
ഹബ.,ഹബക്കൂൿ,ഹബക്കൂൿ,hab,mal
സെഫ.,സെഫന്യാവു,സെഫന്യാവു,zep,mal
ഹഗ്ഗാ.,ഹഗ്ഗായി,ഹഗ്ഗായി,hag,mal
സെഖ.,സെഖര്യാവു,സെഖര്യാവു,zec,mal
മലാ.,മലാഖി,മലാഖി,mal,mal
മത്താ.,മത്തായി,മത്തായി എഴുതിയ സുവിശേഷം,mat,mal
മർക്കൊ.,മർക്കൊസ്,മർക്കൊസ് എഴുതിയ സുവിശേഷം,mrk,mal
ലൂക്കൊ.,ലൂക്കൊസ്,ലൂക്കൊസ് എഴുതിയ സുവിശേഷം,luk,mal
യോഹ.,യോഹന്നാൻ,യോഹന്നാൻ എഴുതിയ സുവിശേഷം,jhn,mal
പ്രവൃത്തികൾ.,പ്രവൃത്തികൾ.,അപ്പൊസ്തലന്മാരുടെ പ്രവൃത്തികൾ,act,mal
റോമർ,റോമർ,അപ്പൊസ്തലനായ പൗലൊസ് റോമർക്ക് എഴുതിയ ലേഖനം,rom,mal
1 കൊരി.,1 കൊരിന്ത്യർ,അപ്പൊസ്തലനായ പൗലൊസ് കൊരിന്ത്യർക്ക് എഴുതിയ ഒന്നാം ലേഖനം,1co,mal
2 കൊരി.,2 കൊരിന്ത്യർ,അപ്പൊസ്തലനായ പൗലൊസ് കൊരിന്ത്യർക്ക് എഴുതിയ രണ്ടാം ലേഖനം,2co,mal
ഗലാ.,ഗലാത്യർ,അപ്പൊസ്തലനായ പൗലൊസ് ഗലാത്യർക്ക് എഴുതിയ ലേഖനം,gal,mal
എഫെ.,എഫെസ്യർ,അപ്പൊസ്തലനായ പൗലൊസ് എഫെസ്യർക്ക് എഴുതിയ ലേഖനം,eph,mal
ഫിലി.,ഫിലിപ്പിയർ,അപ്പൊസ്തലനായ പൗലൊസ് ഫിലിപ്പിയർക്ക് എഴുതിയ ലേഖനം,php,mal
കൊലൊ.,കൊലൊസ്സ്യർ,അപ്പൊസ്തലനായ പൗലൊസ് കൊലൊസ്സ്യർക്ക് എഴുതിയ ലേഖനം,col,mal
1 തെസ്സ.,1 തെസ്സലൊനീക്യർ,അപ്പൊസ്തലനായ പൗലൊസ് തെസ്സലൊനീക്യർക്ക് എഴുതിയ ഒന്നാം ലേഖനം,1th,mal
इफि.,इफिसकरांस,इफिसकरांस पत्र,eph,mar
फिलि.,फिलिप्पैकरांस,फिलिप्पैकरांस पत्र,php,mar
2 തെസ്സ.,2 തെസ്സലൊനീക്യർ,അപ്പൊസ്തലനായ പൗലൊസ് തെസ്സലൊനീക്യർക്ക് എഴുതിയ രണ്ടാം ലേഖനം,2th,mal
1 തിമൊ.,1 തിമൊഥെയൊസ്,അപ്പൊസ്തലനായ പൗലൊസ് തിമൊഥെയൊസിന് എഴുതിയ ഒന്നാം ലേഖനം,1ti,mal
2 തിമൊ.,2 തിമൊഥെയൊസ്,അപ്പൊസ്തലനായ പൗലൊസ് തിമൊഥെയൊസിന് എഴുതിയ രണ്ടാം ലേഖനം,2ti,mal
തീത്തൊ.,തീത്തൊസ്,അപ്പൊസ്തലനായ പൗലൊസ് തീത്തൊസിന് എഴുതിയ ലേഖനം,tit,mal
ഫിലേ.,ഫിലേമോൻ,അപ്പൊസ്തലനായ പൗലൊസ് ഫിലേമോന് എഴുതിയ ലേഖനം,phm,mal
എബ്രാ.,എബ്രായർ,എബ്രായർക്ക് എഴുതിയ ലേഖനം,heb,mal
യാക്കോ.,യാക്കോബ്,യാക്കോബ് എഴുതിയ ലേഖനം,jas,mal
1 പത്രൊ.,1 പത്രൊസ്,പത്രൊസ് എഴുതിയ ഒന്നാം ലേഖനം,1pe,mal
2 പത്രൊ.,2 പത്രൊസ്,പത്രൊസ് എഴുതിയ രണ്ടാം ലേഖനം,2pe,mal
1 യോഹ.,1 യോഹന്നാൻ,യോഹന്നാൻ എഴുതിയ ഒന്നാം ലേഖനം,1jn,mal
2 യോഹ.,2 യോഹന്നാൻ,യോഹന്നാൻ എഴുതിയ രണ്ടാം ലേഖനം,2jn,mal
3 യോഹ.,3 യോഹന്നാൻ,യോഹന്നാൻ എഴുതിയ മൂന്നാം ലേഖനം,3jn,mal
യൂദാ,യൂദാ,യൂദാ എഴുതിയ ലേഖനം,jud,mal
വെളി.,വെളിപ്പാട്,യോഹന്നാന് ഉണ്ടായ വെളിപ്പാട്,rev,mal
उत्प.,उत्पत्ति,उत्पत्ति,gen,mar
निर्ग.,निर्गम,निर्गम,exo,mar
लेवी.,लेवीय,लेवीय,lev,mar
गण.,गणना,गणना,num,mar
अनु.,अनुवाद,अनुवाद,deu,mar
यहो.,यहोशवा,यहोशवा,jos,mar
शास्ते,शास्ते,शास्ते,jdg,mar
रूथ,रूथ,रूथ,rut,mar
1 शमु.,1 शमुवेल,1 शमुवेल,1sa,mar
2 शमु.,2 शमुवेल,2 शमुवेल,2sa,mar
1 राजे,1 राजे,1 राजे,1ki,mar
2 राजे,2 राजे,2 राजे,2ki,mar
1 इति.,1 इतिहास,1 इतिहास,1ch,mar
2 इति.,2 इतिहास,2 इतिहास,2ch,mar
एज्रा,एज्रा,एज्रा,ezr,mar
नहे.,नहेम्या,नहेम्या,neh,mar
एस्ते.,एस्तेर,एस्तेर,est,mar
ईयो.,ईयोब,ईयोब,job,mar
स्तोत्र.,स्तोत्रसंहिता,स्तोत्रसंहिता,psa,mar
नीति.,नीतिसूत्रे,नीतिसूत्रे,pro,mar
उप.,उपदेशक,उपदेशक,ecc,mar
गीत.,गीतरत्न,गीतरत्न,sng,mar
यश.,यशया,यशया,isa,mar
यिर्म.,यिर्मया,यिर्मया,jer,mar
विला.,विलापगीत,विलापगीत,lam,mar
यहे.,यहेज्केल,यहेज्केल,ezk,mar
दानि.,दानिएल,दानिएल,dan,mar
होशे.,होशेय,होशेय,hos,mar
योए.,योएल,योएल,jol,mar
आमो.,आमोस,आमोस,amo,mar
ओब.,ओबद्या,ओबद्या,oba,mar
योना,योना,योना,jon,mar
मीखा,मीखा,मीखा,mic,mar
नहू.,नहूम,नहूम,nam,mar
हब.,हबक्कूक,हबक्कूक,hab,mar
सफ.,सफन्या,सफन्या,zep,mar
हाग्ग.,हाग्गय,हाग्गय,hag,mar
जख.,जखऱ्या,जखऱ्या,zec,mar
मला.,मलाखी,मलाखी,mal,mar
मत्त.,मत्तय,मत्तयकृत शुभवर्तमान,mat,mar
मार्क,मार्क,मार्ककृत शुभवर्तमान,mrk,mar
लूक,लूक,लूककृत शुभवर्तमान,luk,mar
योहा.,योहान,योहानकृत शुभवर्तमान,jhn,mar
प्रेषि.,प्रेषितांचीं कृत्यें,प्रेषितांची कृत्ये,act,mar
रोम.,रोमकरांस,रोमकरांस पत्र,rom,mar
1 करिं.,1 करिंथकरांस,करिंथकरांस पहिले पत्र,1co,mar
2 करिं.,2 करिंथकरांस,करिंथकरांस दुसरे पत्र,2co,mar
गल.,गलतीकरांस,गलतीकरांस पत्र,gal,mar
कल.,कलस्सैकरांस,कलस्सैकरांस पत्र,col,mar
1 थेस्स.,1 थेस्सलनीकाकरांस,थेस्सलनीकाकरांस पहिले पत्र,1th,mar
2 थेस्स.,2 थेस्सलनीकाकरांस,थेस्सलनीकाकरांस दुसरे पत्र,2th,mar
1 तीम.,1 तीमथ्याला,तीमथ्याला पहिले पत्र,1ti,mar
2 तीम.,2 तीमथ्याला,तीमथ्याला दुसरे पत्र,2ti,mar
तीत.,तीताला,तीताला पत्र,tit,mar
फिले.,फिलेमोना,फिलेमानाला पत्र,phm,mar
इब्री.,इब्री लोकांस,इब्री लोकांस पत्र,heb,mar
याको.,याकोब,याकोबाचे पत्र,jas,mar
1 पेत्र.,1 पेत्र,पेत्राचे पहिले पत्र,1pe,mar
2 पेत्र.,2 पेत्र,पेत्राचे दुसरे पत्र,2pe,mar
1 योहा.,1 योहान,योहानाचे पहिले पत्र,1jn,mar
2 योहा.,2 योहान,योहानाचे दुसरे पत्र,2jn,mar
3 योहा.,3 योहान,योहानाचे तिसरे पत्र,3jn,mar
यहू.,यहूदा,यहूदाचे पत्र,jud,mar
प्रक.,प्रकटीकरण,प्रकटीकरण,rev,mar
ଆଦି.,ଆଦି ପୁସ୍ତକ,ଆଦି ପୁସ୍ତକ,gen,ory
ଯାତ୍ରା.,ଯାତ୍ରା ପୁସ୍ତକ,ଯାତ୍ରା ପୁସ୍ତକ,exo,ory
ଲେବୀ.,ଲେବୀୟ ପୁସ୍ତକ,ଲେବୀୟ ପୁସ୍ତକ,lev,ory
ଗଣ.,ଗଣନା ପୁସ୍ତକ,ଗଣନା ପୁସ୍ତକ,num,ory
ଦ୍ବି.ବି.,ଦ୍ୱିତୀୟ ବିବରଣ,ଦ୍ୱିତୀୟ ବିବରଣ,deu,ory
ଯିହୋ.,ଯିହୋଶୂୟ,ଯିହୋଶୂୟ ପୁସ୍ତକ,jos,ory
ବିଚାର.,ବିଚାରକର୍ତ୍ତା ପୁସ୍ତକ,ବିଚାରକର୍ତ୍ତାମାନଙ୍କ ବିବରଣ,jdg,ory
ରୂତ.,ରୂତର ପୁସ୍ତକ,ରୂତର ବିବରଣ,rut,ory
ପ୍ର.ଶା.,1 ଶାମୁୟେଲ,ପ୍ରଥମ ଶାମୁୟେଲ,1sa,ory
ଦ୍ବି.ଶା.,2 ଶାମୁୟେଲ,ଦ୍ୱିତୀୟ ଶାମୁୟେଲ,2sa,ory
ପ୍ର.ରା.,1 ରାଜାବଳୀ,ପ୍ରଥମ ରାଜାବଳୀ,1ki,ory
ଦ୍ବି.ରା.,2 ରାଜାବଳୀ,ଦ୍ୱିତୀୟ ରାଜାବଳୀ,2ki,ory
ପ୍ର.ବଂ.,1 ବଂଶାବଳୀ,ପ୍ରଥମ ବଂଶାବଳୀ,1ch,ory
ଦ୍ବି.ବଂ.,2 ବଂଶାବଳୀ,ଦ୍ବିତୀୟ ବଂଶାବଳୀ,2ch,ory
ଏଜ୍ରା.,ଏଜ୍ରା,ଏଜ୍ରା ପୁସ୍ତକ,ezr,ory
ନିହି.,ନିହିମୀୟା,ନିହିମୀୟାଙ୍କ ପୁସ୍ତକ,neh,ory
ଏଷ୍ଟ.,ଏଷ୍ଟର,ଏଷ୍ଟର ବିବରଣ,est,ory
ଆୟୁବ.,ଆୟୁବ,ଆୟୁବ ପୁସ୍ତକ,job,ory
ଗୀତ.,ଗୀତସଂହିତା,ଗୀତସଂହିତା,psa,ory
ହିତୋ.,ହିତୋପଦେଶ,ହିତୋପଦେଶ,pro,ory
ଉପ.,ଉପଦେଶକ,ଉପଦେଶକ,ecc,ory
ପ.ଗୀ.,ପରମ ଗୀତ,ପରମ ଗୀତ,sng,ory
ଯିଶା.,ଯିଶାଇୟ,ଯିଶାଇୟ ଭବିଷ୍ୟଦ୍‍ବକ୍ତାଙ୍କ ପୁସ୍ତକ,isa,ory
ଯିରି.,ଯିରିମୀୟ,ଯିରିମୀୟ ଭବିଷ୍ୟଦ୍‍ବକ୍ତାଙ୍କ ପୁସ୍ତକ,jer,ory
ବିଳା.,ବିଳାପ,ଯିରିମୀୟଙ୍କ ବିଳାପ,lam,ory
ଯିହି.,ଯିହିଜିକଲ,ଯିହିଜିକଲ ଭବିଷ୍ୟଦ୍‍ବକ୍ତାଙ୍କ ପୁସ୍ତକ,ezk,ory
ଦାନି.,ଦାନିୟେଲ,ଦାନିୟେଲଙ୍କ ପୁସ୍ତକ,dan,ory
ହୋଶେ.,ହୋଶେୟ,ହୋଶେୟ ଭବିଷ୍ୟଦ୍‍ବକ୍ତାଙ୍କ ପୁସ୍ତକ,hos,ory
ଯୋୟେ.,ଯୋୟେଲ,ଯୋୟେଲ ଭବିଷ୍ୟଦ୍‍ବକ୍ତାଙ୍କ ପୁସ୍ତକ,jol,ory
ଆମୋ.,ଆମୋଷ,ଆମୋଷ ଭବିଷ୍ୟଦ୍‍ବକ୍ତାଙ୍କ ପୁସ୍ତକ,amo,ory
ଓବ.,ଓବଦୀୟ,ଓବଦୀୟ ଭବିଷ୍ୟଦ୍‍ବକ୍ତାଙ୍କ ପୁସ୍ତକ,oba,ory
ଯୂନ.,ଯୂନସ,ଯୂନସ ଭବିଷ୍ୟଦ୍‍ବକ୍ତାଙ୍କ ପୁସ୍ତକ,jon,ory
ମୀଖା.,ମୀଖା,ମୀଖା ଭବିଷ୍ୟଦ୍‍ବକ୍ତାଙ୍କ ପୁସ୍ତକ,mic,ory
ନାହୂ.,ନାହୂମ,ନାହୂମ ଭବିଷ୍ୟଦ୍‍ବକ୍ତାଙ୍କ ପୁସ୍ତକ,nam,ory
ହବ.,ହବକ୍‍କୂକ,ହବକ୍‍କୂକ ଭବିଷ୍ୟଦ୍‍ବକ୍ତାଙ୍କ ପୁସ୍ତକ,hab,ory
ସିଫ.,ସିଫନୀୟ,ସିଫନୀୟ ଭବିଷ୍ୟଦ୍‍ବକ୍ତାଙ୍କ ପୁସ୍ତକ,zep,ory
ହାଗ.,ହାଗୟ,ହାଗୟ ଭବିଷ୍ୟଦ୍‍ବକ୍ତାଙ୍କ ପୁସ୍ତକ,hag,ory
ଯିଖ.,ଯିଖରୀୟ,ଯିଖରୀୟ ଭବିଷ୍ୟବକ୍ତାଙ୍କ ପୁସ୍ତକ,zec,ory
ମଲାଖି.,ମଲାଖି,ମଲାଖି ଭବିଷ୍ୟବକ୍ତାଙ୍କ ପୁସ୍ତକ,mal,ory
ମାଥି.,ମାଥିଉ,ମାଥିଉ ଲିଖିତ ସୁସମାଚାର,mat,ory
tit,Titus,Titus,tit,eng
ମାର୍କ,ମାର୍କ,ମାର୍କ ଲିଖିତ ସୁସମାଚାର,mrk,ory
ଲୂକ,ଲୂକ,ଲୂକ ଲିଖିତ ସୁସମାଚାର,luk,ory
ଯୋହ.,ଯୋହନ,ଯୋହନ ଲିଖିତ ସୁସମାଚାର,jhn,ory
ପ୍ରେରି.,ପ୍ରେରିତ,ପ୍ରେରିତମାନଙ୍କ କାର୍ଯ୍ୟର ବିବରଣ,act,ory
ରୋମୀ.,ରୋମୀୟ,ରୋମୀୟ ମଣ୍ଡଳୀ ନିକଟକୁ ପ୍ରେରିତ ପାଉଲଙ୍କ ପତ୍ର,rom,ory
ପ୍ର.କରି.,1 କରିନ୍ଥୀୟ,କରିନ୍ଥୀୟ ମଣ୍ଡଳୀ ନିକଟକୁ ପାଉଲଙ୍କ ପ୍ରଥମ ପତ୍ର,1co,ory
ଦ୍ୱି.କରି.,2 କରିନ୍ଥୀୟ,କରିନ୍ଥୀୟ ମଣ୍ଡଳୀ ନିକଟକୁ ପାଉଲଙ୍କ ଦ୍ୱିତୀୟ ପତ୍ର,2co,ory
ଗାଲା.,ଗାଲାତୀୟ,ଗାଲାତୀୟ ମଣ୍ଡଳୀ ନିକଟକୁ ପ୍ରେରିତ ପାଉଲଙ୍କ ପତ୍ର,gal,ory
ଏଫି.,ଏଫିସୀୟ,ଏଫିସୀୟ ମଣ୍ଡଳୀ ନିକଟକୁ ପ୍ରେରିତ ପାଉଲଙ୍କ ପତ୍ର,eph,ory
ଫିଲିପ୍‌ପୀ.,ଫିଲିପ୍‌ପୀୟ,ଫିଲିପ୍‌ପୀୟ  ମଣ୍ଡଳୀ ନିକଟକୁ ପ୍ରେରିତ ପାଉଲଙ୍କ ପତ୍ର,php,ory
କଲ.,କଲସୀୟ,କଲସୀୟ ମଣ୍ଡଳୀ ନିକଟକୁ ପ୍ରେରିତ ପାଉଲଙ୍କ ପତ୍ର,col,ory
ପ୍ର.ଥେସ.,1 ଥେସଲନୀକୀୟ,ଥେସଲନୀକୀୟ ମଣ୍ଡଳୀ ନିକଟକୁ ପ୍ରେରିତ ପାଉଲଙ୍କ ପ୍ରଥମ ପତ୍ର,1th,ory
ଦ୍ୱି.ଥେସ.,2 ଥେସଲନୀକୀୟ,ଥେସଲନୀକୀୟ ମଣ୍ଡଳୀ ନିକଟକୁ ପ୍ରେରିତ ପାଉଲଙ୍କ  ଦ୍ୱିତୀୟ ପତ୍ର,2th,ory
ପ୍ର.ତୀମ.,1 ତୀମଥି,ତୀମଥି ନିକଟକୁ ପ୍ରେରିତ ପାଉଲଙ୍କ ପ୍ରଥମ ପତ୍ର,1ti,ory
ଦ୍ୱି.ତୀମ.,2 ତୀମଥି,ତୀମଥି ନିକଟକୁ ପ୍ରେରିତ ପାଉଲଙ୍କ ଦ୍ୱିତୀୟ ପତ୍ର,2ti,ory
ତୀତ.,ତୀତସ,ତୀତସଙ୍କ ନିକଟକୁ ପ୍ରେରିତ ପାଉଲଙ୍କ ପତ୍ର,tit,ory
ଫିଲୀ.,ଫିଲୀମୋନ,ଫିଲୀମୋନଙ୍କ ନିକଟକୁ ପ୍ରେରିତ ପାଉଲଙ୍କ ପତ୍ର,phm,ory
ଏବ୍ରୀ,ଏବ୍ରୀ,ଏବ୍ରୀମାନଙ୍କ ନିକଟକୁ ପତ୍ର,heb,ory
ଯାକୁ.,ଯାକୁବ,ଯାକୁବଙ୍କ ପତ୍ର,jas,ory
ପ୍ର. ପିତ.,1 ପିତର,ପିତରଙ୍କ ପ୍ରଥମ ପତ୍ର,1pe,ory
ଦ୍ୱି. ପିତ.,2 ପିତର,ପିତରଙ୍କ ଦ୍ୱିତୀୟ ପତ୍ର,2pe,ory
पैदा,पैदाइश,पैदाइश,gen,urd
ପ୍ର. ଯୋହ.,1 ଯୋହନ,ଯୋହନଙ୍କ ପ୍ରଥମ ପତ୍ର,1jn,ory
ଦ୍ୱି. ଯୋହ.,2 ଯୋହନ,ଯୋହନଙ୍କ ଦ୍ୱିତୀୟ ପତ୍ର,2jn,ory
ତୃ. ଯୋହ,3 ଯୋହନ,ଯୋହନଙ୍କ ତୃତୀୟ ପତ୍ର,3jn,ory
ଯିହୂ.,ଯିହୂଦା,ଯିହୂଦାଙ୍କ ପତ୍ର,jud,ory
ପ୍ରକା.,ପ୍ରକାଶିତ,ଯୋହନଙ୍କ ପ୍ରତି ପ୍ରକାଶିତ ବାକ୍ୟ,rev,ory
ਉਤ,ਪੈਦਾਇਸ਼,ਉਤਪਤ,gen,pan
ਕੂਚ,ਖ਼ਰੋਜ,ਕੂਚ,exo,pan
ਲੇਵੀਆਂ,ਅਹਬਾਰ,ਲੇਵੀਆਂ ਦੀ ਪੋਥੀ,lev,pan
ਗਿਣਤੀ,ਗਿਣਤੀ,ਗਿਣਤੀ,num,pan
ਬਿਵਸਥਾ,ਅਸਤਸਨਾ,ਬਿਵਸਥਾ ਸਾਰ,deu,pan
ਯਹੋਸ਼ੁ,ਯਸ਼ਵਾ,ਯਹੋਸ਼ੁਆ,jos,pan
ਨਿਆਂਈ,ਕਜ਼ਾૃ,ਨਿਆਂਈਆਂ ਦੀ ਪੋਥੀ,jdg,pan
ਰੂਥ,ਰੁੱਤ,ਰੂਥ,rut,pan
1 ਸਮੂ,1 ਸਮੂਏਲ,1 ਸਮੂਏਲ,1sa,pan
2 ਸਮੂ,2 ਸਮੂਏਲ,2 ਸਮੂਏਲ,2sa,pan
1 ਰਾਜਾ,1 ਰਾਜਿਆਂ,1 ਰਾਜਿਆਂ,1ki,pan
2 ਰਾਜਾ,2 ਰਾਜਿਆਂ,2 ਰਾਜਿਆਂ,2ki,pan
1 ਇਤ,1 ਇਤਿਹਾਸ,1 ਇਤਿਹਾਸ,1ch,pan
2 ਇਤ,2 ਇਤਿਹਾਸ,2 ਇਤਿਹਾਸ,2ch,pan
ਅਜ਼ਰਾ,ਅਜ਼ਰਾ,ਅਜ਼ਰਾ,ezr,pan
ਨਹਮਯਾਹ,ਨਹਮਯਾਹ,ਨਹਮਯਾਹ,neh,pan
ਅਸਤਰ,ਅਸਤਰ,ਅਸਤਰ,est,pan
ਅੱਯੂਬ,ਅੱਯੂਬ,ਅੱਯੂਬ,job,pan
ਜ਼ਬੂਰ,ਜ਼ਬੂਰ,ਜ਼ਬੂਰ,psa,pan
ਕਹਾਉਤਾਂ,ਕਹਾਉਤਾਂ,ਕਹਾਉਤਾਂ,pro,pan
ਉਪਦੇਸ਼ਕ,ਉਪਦੇਸ਼ਕ,ਉਪਦੇਸ਼ਕ,ecc,pan
ਸੁਲੇਮਾਨ ਦਾ ਗੀਤ,ਸੁਲੇਮਾਨ ਦਾ ਗੀਤ,ਸੁਲੇਮਾਨ ਦਾ ਗੀਤ,sng,pan
ਯਸਾ,ਯਸਾਯਾਹ,ਯਸਾਯਾਹ,isa,pan
ਯਿਰਮਿਯਾਹ,ਯਿਰਮਿਯਾਹ,ਯਿਰਮਿਯਾਹ,jer,pan
ਵਿਰਲਾਪ,ਵਿਰਲਾਪ,ਯਿਰਮਿਯਾਹ ਦਾ ਵਿਰਲਾਪ,lam,pan
ਹਿਜ਼ਕੀਏਲ,ਹਿਜ਼ਕੀਏਲ,ਹਿਜ਼ਕੀਏਲ,ezk,pan
ਦਾਨੀਏਲ,ਦਾਨੀਏਲ,ਦਾਨੀਏਲ,dan,pan
ਹੋਸ਼ੇ,ਹੋਸ਼ੇਆ,ਹੋਸ਼ੇਆ,hos,pan
ਯੋਏਲ,ਯੋਏਲ,ਯੋਏਲ,jol,pan
ਆਮੋਸ,ਆਮੋਸ,ਆਮੋਸ,amo,pan
ਓਬਦਯਾਹ,ਓਬਦਯਾਹ,ਓਬਦਯਾਹ,oba,pan
ਯੂਨਾ,ਯੂਨਾਹ,ਯੂਨਾਹ,jon,pan
ਮੀਕਾ,ਮੀਕਾਹ,ਮੀਕਾਹ,mic,pan
ਨਹੂਮ,ਨਹੂਮ,ਨਹੂਮ,nam,pan
ਹਬੱਕੂਕ,ਹਬੱਕੂਕ,ਹਬੱਕੂਕ,hab,pan
ਸਫ਼ਨਯਾਹ,ਸਫ਼ਨਯਾਹ,ਸਫ਼ਨਯਾਹ,zep,pan
ਹੱਜਈ,ਹੱਜਈ,ਹੱਜਈ,hag,pan
ਜ਼ਕਰ,ਜ਼ਕਰਯਾਹ,ਜ਼ਕਰਯਾਹ,zec,pan
ਮਲਾਕੀ,ਮਲਾਕੀ,ਮਲਾਕੀ,mal,pan
ਮੱਤੀ,ਮੱਤੀ,ਮੱਤੀ ਦੀ ਇੰਜੀਲ,mat,pan
ਮਰਕੁਸ,ਮਰਕੁਸ,ਮਰਕੁਸ ਦੀ ਇੰਜੀਲ,mrk,pan
ਲੂਕਾ,ਲੂਕਾ,ਲੂਕਾ ਦੀ ਇੰਜੀਲ,luk,pan
ਯੂਹੰਨਾ,ਯੂਹੰਨਾ,ਯੂਹੰਨਾ ਦੀ ਇੰਜੀਲ,jhn,pan
ਰਸੂਲਾਂ ਦੇ ਕਰਤੱਬ,ਰਸੂਲਾਂ ਦੇ ਕਰਤੱਬ,ਰਸੂਲਾਂ ਦੇ ਕਰਤੱਬ,act,pan
ਰੋਮੀਆਂ,ਰੋਮੀਆਂ,ਰੋਮੀਆਂ ਨੂੰ,rom,pan
1 ਕੁਰਿੰਥੀ,1 ਕੁਰਿੰਥੀਆਂ,ਕੁਰਿੰਥੀਆਂ ਨੂੰ ਪਹਿਲੀ ਪੱਤ੍ਰੀ,1co,pan
2 ਕੁਰਿੰਥੀ,2 ਕੁਰਿੰਥੀਆਂ,ਕੁਰਿੰਥੀਆਂ ਨੂੰ ਦੂਜੀ ਪੱਤ੍ਰੀ,2co,pan
ਗਲਾਤਿਯਾ,ਗਲਾਤਿਯਾ,ਗਲਾਤਿਯਾ ਨੂੰ,gal,pan
ਅਫ਼ਸੀਆਂ,ਅਫ਼ਸੀਆਂ,ਅਫ਼ਸੀਆਂ ਨੂੰ,eph,pan
ਫਿਲਿੱਪੀਆਂ,ਫਿਲਿੱਪੀਆਂ,ਫਿਲਿੱਪੀਆਂ ਨੂੰ,php,pan
ਕੁਲੁੱਸੀਆਂ,ਕੁਲੁੱਸੀਆਂ,ਕੁਲੁੱਸੀਆਂ ਨੂੰ,col,pan
1 ਥੱਸਲੁ,1 ਥੱਸਲੁਨੀਕੀਆਂ,ਥੱਸਲੁਨੀਕੀਆ ਨੂੰ ਪਹਿਲੀ ਪੱਤ੍ਰੀ,1th,pan
2 ਥੱਸਲੁ,2 ਥੱਸਲੁਨੀਕੀਆਂ,ਥੱਸਲੁਨੀਕੀਆ ਨੂੰ ਦੂਜੀ ਪੱਤ੍ਰੀ,2th,pan
1 ਤਿਮੋਥਿ,1 ਤਿਮੋਥਿਉਸ,ਤਿਮੋਥਿਉਸ ਨੂੰ ਪਹਿਲੀ ਪੱਤ੍ਰੀ,1ti,pan
2 ਤਿਮੋਥਿ,2 ਤਿਮੋਥਿਉਸ,ਤਿਮੋਥਿਉਸ ਨੂੰ ਦੂਜੀ ਪੱਤ੍ਰੀ,2ti,pan
ਤੀਤੁਸ,ਤੀਤੁਸ,ਤੀਤੁਸ ਨੂੰ,tit,pan
ਫਿਲੇਮੋਨ,ਫਿਲੇਮੋਨ,ਫਿਲੇਮੋਨ ਨੂੰ,phm,pan
ਇਬਰਾਨੀ,ਇਬਰਾਨੀ,ਇਬਰਾਨੀਆਂ ਨੂੰ,heb,pan
ਯਾਕੂਬ,ਯਾਕੂਬ,ਯਾਕੂਬ ਦੀ ਪੱਤ੍ਰੀ,jas,pan
1 ਪਤ,1 ਪਤਰਸ,ਪਤਰਸ ਦੀ ਪਹਿਲੀ ਪੱਤ੍ਰੀ,1pe,pan
2 ਪਤ,2 ਪਤਰਸ,ਪਤਰਸ ਦੀ ਦੂਜੀ ਪੱਤ੍ਰੀ,2pe,pan
1 ਯੂਹੰਨਾ,1 ਯੂਹੰਨਾ,ਯੂਹੰਨਾ ਦੀ ਪਹਿਲੀ ਪੱਤ੍ਰੀ,1jn,pan
2 ਯੂਹੰਨਾ,2 ਯੂਹੰਨਾ,ਯੂਹੰਨਾ ਦੀ ਦੂਜੀ ਪੱਤ੍ਰੀ,2jn,pan
3 ਯੂਹੰਨਾ,3 ਯੂਹੰਨਾ,ਯੂਹੰਨਾ ਦੀ ਤੀਸਰੀ ਪੱਤ੍ਰੀ,3jn,pan
ਯਹੂਦਾ,ਯਹੂਦਾ,ਯਹੂਦਾਹ ਦੀ ਪੱਤ੍ਰੀ,jud,pan
ਪਰਕਾਸ਼ ਦੀ ਪੋਥੀ,ਪਰਕਾਸ਼ ਦੀ ਪੋਥੀ,ਯੂਹੰਨਾ ਦੇ ਪਰਕਾਸ਼ ਦੀ ਪੋਥੀ,rev,pan
ஆதி,ஆதியாகமம்,ஆதியாகமம்,gen,tam
யாத்,யாத்திராகமம்,யாத்திராகமம்,exo,tam
லேவி,லேவியராகமம்,லேவியராகமம்,lev,tam
எண்,எண்ணாகமம்,எண்ணாகமம்,num,tam
உபா,உபாகமம்,உபாகமம்,deu,tam
யோசு,யோசுவா,யோசுவா,jos,tam
நியா,நியாயாதிபதிகள்,நியாயாதிபதிகள்,jdg,tam
ரூத்,ரூத்,ரூத்,rut,tam
1சாமு,1 சாமுவேல்,1 சாமுவேல்,1sa,tam
2சாமு,2 சாமுவேல்,2 சாமுவேல்,2sa,tam
1இராஜா,1 இராஜாக்கள்,1 இராஜாக்கள்,1ki,tam
2இராஜா,2 இராஜாக்கள்,2 இராஜாக்கள்,2ki,tam
1நாளா,1 நாளாகமம்,1 நாளாகமம்,1ch,tam
2நாளா,2 நாளாகமம்,2 நாளாகமம்,2ch,tam
எஸ்றா,எஸ்றா,எஸ்றா,ezr,tam
நெகே,நெகேமியா,நெகேமியா,neh,tam
எஸ்த,எஸ்தர்,எஸ்தர்,est,tam
யோபு,யோபு,யோபு,job,tam
சங்,சங்கீதங்கள்,சங்கீதங்கள்,psa,tam
நீதி,நீதிமொழிகள்,நீதிமொழிகள்,pro,tam
பிரச,பிரசங்கி,பிரசங்கி,ecc,tam
உன்,உன்னதப்பாட்டு,உன்னதப்பாட்டு,sng,tam
ஏசா,ஏசாயா,ஏசாயா,isa,tam
எரே,எரேமியா,எரேமியா,jer,tam
புலம்,புலம்பல்,புலம்பல்,lam,tam
எசேக்,எசேக்கியேல்,எசேக்கியேல்,ezk,tam
தானி,தானியேல்,தானியேல்,dan,tam
ஓசியா,ஓசியா,ஓசியா,hos,tam
யோவே,யோவேல்,யோவேல்,jol,tam
ஆமோ,ஆமோஸ்,ஆமோஸ்,amo,tam
heb,Hebrews,Hebrews,heb,eng
ஒபதி,ஒபதியா,ஒபதியா,oba,tam
யோனா,யோனா,யோனா,jon,tam
மீகா,மீகா,மீகா,mic,tam
நாகூ,நாகூம்,நாகூம்,nam,tam
ஆப,ஆபகூக்,ஆபகூக்,hab,tam
செப்ப,செப்பனியா,செப்பனியா,zep,tam
ஆகாய்,ஆகாய்,ஆகாய்,hag,tam
சகரி,சகரியா,சகரியா,zec,tam
மல்கி,மல்கியா,மல்கியா,mal,tam
மத்,மத்தேயு,மத்தேயு,mat,tam
மாற்,மாற்கு,மாற்கு,mrk,tam
லூக்,லூக்கா,லூக்கா,luk,tam
யோவா,யோவான்,யோவான்,jhn,tam
அப்,அப்போஸ்தலருடைய நடபடிகள்,அப்போஸ்தலருடைய நடபடிகள்,act,tam
ரோமர்,ரோமர்,ரோமர்,rom,tam
1கொரி,1 கொரிந்தியர்,1 கொரிந்தியர்,1co,tam
2கொரி,2 கொரிந்தியர்,2 கொரிந்தியர்,2co,tam
கலா,கலாத்தியர்,கலாத்தியர்,gal,tam
எபே,எபேசியர்,எபேசியர்,eph,tam
பிலி,பிலிப்பியர்,பிலிப்பியர்,php,tam
கொலோ,கொலோசெயர்,கொலோசெயர்,col,tam
1தெச,1 தெசலோனிக்கேயர்,1 தெசலோனிக்கேயர்,1th,tam
2தெச,2 தெசலோனிக்கேயர்,2 தெசலோனிக்கேயர்,2th,tam
1தீமோ,1 தீமோத்தேயு,1 தீமோத்தேயு,1ti,tam
2தீமோ,2 தீமோத்தேயு,2 தீமோத்தேயு,2ti,tam
தீத்,தீத்து,தீத்து,tit,tam
பிலே,பிலேமோன்,பிலேமோன்,phm,tam
எபி,எபிரெயர்,எபிரெயர்,heb,tam
யாக்,யாக்கோபு,யாக்கோபு,jas,tam
1பேது,1 பேதுரு,1 பேதுரு,1pe,tam
2பேது,2 பேதுரு,2 பேதுரு,2pe,tam
1யோவா,1 யோவான்,1 யோவான்,1jn,tam
2யோவா,2 யோவான்,2 யோவான்,2jn,tam
3யோவா,3 யோவான்,3 யோவான்,3jn,tam
யூதா,யூதா,யூதா,jud,tam
வெளி,வெளிப்படுத்தின விசேஷம்,வெளிப்படுத்தின விசேஷம்,rev,tam
ఆది,ఆదికాండం,ఆదికాండం,gen,tel
నిర్గ,నిర్గమకాండం,నిర్గమకాండం,exo,tel
లేవీ,లేవీకాండం,లేవీకాండం,lev,tel
సంఖ్యా,సంఖ్యాకాండం,సంఖ్యాకాండం,num,tel
ద్వితీ,ద్వితీయోపదేశ కాండము,ద్వితీయోపదేశ కాండము,deu,tel
యెహో,యెహోషువ,యెహోషువ,jos,tel
ख़ुरु,ख़ुरुज,ख़ुरुज,exo,urd
న్యాయా,న్యాయాధిపతులు,న్యాయాధిపతులు,jdg,tel
రూతు,రూతు,రూతు,rut,tel
1సమూ,1 సమూయేలు,1 సమూయేలు,1sa,tel
2సమూ,2 సమూయేలు,2 సమూయేలు,2sa,tel
1రాజులు,1 రాజులు,1 రాజులు,1ki,tel
2రాజులు,2 రాజులు,2 రాజులు,2ki,tel
1దిన,1 దినవృత్తాంతాలు,1 దినవృత్తాంతాలు,1ch,tel
2దిన,2 దినవృత్తాంతాలు,2 దినవృత్తాంతాలు,2ch,tel
ఎజ్రా,ఎజ్రా,ఎజ్రా,ezr,tel
నెహె,నెహెమ్యా,నెహెమ్యా,neh,tel
ఎస్తే,ఎస్తేరు,ఎస్తేరు,est,tel
యోబు,యోబు,యోబు,job,tel
కీర్త,కీర్తన,కీర్తనలు,psa,tel
సామె,సామెత,సామెతలు,pro,tel
ప్రస,ప్రసంగి,ప్రసంగి,ecc,tel
పరమ,పరమ,పరమగీతం,sng,tel
యెష,యెషయా,యెషయా,isa,tel
యిర్మీ,యిర్మీయా,యిర్మీయా,jer,tel
విలాప,విలాపవాక్యాలు,విలాపవాక్యాలు,lam,tel
యెహె,యెహెజ్కేలు,యెహెజ్కేలు,ezk,tel
దాని,దానియేలు,దానియేలు,dan,tel
హోషే,హోషేయ,హోషేయ,hos,tel
యోవే,యోవేలు,యోవేలు,jol,tel
ఆమో,ఆమోసు,ఆమోసు,amo,tel
ఓబద్యా,ఓబద్యా,ఓబద్యా,oba,tel
యోనా,యోనా,యోనా,jon,tel
మీకా,మీకా,మీకా,mic,tel
నహూ,నహూము,నహూము,nam,tel
హబ,హబక్కూకు,హబక్కూకు,hab,tel
జెఫ,జెఫన్యా,జెఫన్యా,zep,tel
హగ్గ,హగ్గయి,హగ్గయి,hag,tel
జెక,జెకర్యా,జెకర్యా,zec,tel
మలా,మలాకీ,మలాకీ,mal,tel
మత్తయి,మత్తయి,మత్తయి రాసిన సువార్త,mat,tel
మార్కు,మార్కు,మార్కు రాసిన సువార్త,mrk,tel
లూకా,లూకా,లూకా రాసిన సువార్త,luk,tel
యోహా,యోహాను,యోహాను రాసిన సువార్త,jhn,tel
అపొ.కా.,అపొస్తలుల కార్యములు,అపొస్తలుల కార్యములు,act,tel
రోమా,రోమీయులకు,రోమీయులకు రాసిన పత్రిక,rom,tel
1కొరింతీ,1 కొరింథీయులకు,కొరింతీయులకు రాసిన మొదటి పత్రిక,1co,tel
2కొరింతీ,2 కొరింథీయులకు,కొరింతీయులకు రాసిన రెండవ పత్రిక,2co,tel
గలతీ,గలతీ పత్రిక,గలతీయులకు రాసిన పత్రిక,gal,tel
ఎఫెసీ,ఎఫెసీ పత్రిక,ఎఫెసీయులకు రాసిన పత్రిక,eph,tel
ఫిలిప్పీ,ఫిలిప్పీ పత్రిక,ఫిలిప్పీయులకు రాసిన పత్రిక,php,tel
కొలస్సీ,కొలస్సీ పత్రిక,కొలస్సయులకు రాసిన పత్రిక,col,tel
1తెస్స,1 తెస్సలోనిక పత్రిక,తెస్సలోనికయులకు రాసిన మొదటి పత్రిక,1th,tel
2తెస్స,2 తెస్సలోనిక పత్రిక,తెస్సలోనికయులకు రాసిన రెండవ పత్రిక,2th,tel
1తిమో,1 తిమోతి పత్రిక,తిమోతికి రాసిన మొదటి పత్రిక,1ti,tel
2తిమో,2 తిమోతి పత్రిక,తిమోతికి రాసిన రెండవ పత్రిక,2ti,tel
తీతు,తీతు పత్రిక,తీతుకు రాసిన పత్రిక,tit,tel
ఫిలే,ఫిలేమోను పత్రిక,ఫిలేమోనుకు రాసిన పత్రిక,phm,tel
హెబ్రీ,హెబ్రీ పత్రిక,హెబ్రీయులకు రాసిన పత్రిక,heb,tel
యాకో,యాకోబు పత్రిక,యాకోబు రాసిన పత్రిక,jas,tel
1పేతు,1 పేతురు పత్రిక,పేతురు రాసిన మొదటి పత్రిక,1pe,tel
2పేతు,2 పేతురు పత్రిక,పేతురు రాసిన రెండవ పత్రిక,2pe,tel
1యోహా,1 యోహాను పత్రిక,యోహాను రాసిన మొదటి పత్రిక,1jn,tel
2యోహా,2 యోహాను పత్రిక,యోహాను రాసిన రెండవ పత్రిక,2jn,tel
3యోహా,3 యోహాను పత్రిక,యోహాను రాసిన మూడవ పత్రిక,3jn,tel
1ch,1 Chronicles,1 Chronicles,1ch,eng
యూదా,యూదా పత్రిక,యూదా రాసిన పత్రిక,jud,tel
ప్రక,ప్రకటన గ్రంథం,యోహాను రాసిన ప్రకటన గ్రంథం,rev,tel
अह,अहबार,अहबार,lev,urd
गिन,गिनती,गिनती,num,urd
इस्त,इस्तिस्ना,इस्तिस्ना,deu,urd
यशो,यशोअ,यशोअ,jos,urd
क़ुजा,क़ुजात,क़ुजात,jdg,urd
रुत,रुत,रुत,rut,urd
1 समु,1 समुएल,1 समुएल,1sa,urd
2 समु,2 समुएल,2 समुएल,2sa,urd
1 सला,1 सलातीन,1 सलातीन,1ki,urd
2 सला,2 सलातीन,2 सलातीन,2ki,urd
1 तवा,1 तवारीख़,1 तवारीख़,1ch,urd
2 तवा,2 तवारीख़,2 तवारीख़,2ch,urd
एज्रा,एज्रा,एज्रा,ezr,urd
नहे,नहेम्याह,नहेम्याह,neh,urd
आस्त,आस्तेर,आस्तेर,est,urd
अय्यू,अय्यूब,अय्यूब,job,urd
ज़बूर,ज़बूर,ज़बूर,psa,urd
अम्सा,अम्साल,अम्साल,pro,urd
वाइज़,वाइज़,वाइज़,ecc,urd
गज़लुल,गज़लुल गज़लियात,गज़लुल गज़लियात,sng,urd
यसा,यसायाह,यसायाह,isa,urd
यर्म,यर्मयाह,यर्मयाह,jer,urd
नोहा,नोहा,नोहा,lam,urd
हिज़ि,हिज़िक़िएल,हिज़िक़िएल,ezk,urd
दानि,दानिएल,दानिएल,dan,urd
होसी,होसीअ,होसीअ,hos,urd
यूए,यूएल,यूएल,jol,urd
आमू,आमूस,आमूस,amo,urd
अब्द,अब्दयाह,अब्दयाह,oba,urd
यूना,यूनाह,यूनाह,jon,urd
मीका,मीकाह,मीकाह,mic,urd
नाहूम,नाहूम,नाहूम,nam,urd
हबक़्,हबक़्क़ूक़,हबक़्क़ूक़,hab,urd
सफ़न,सफ़नयाह,सफ़नयाह,zep,urd
हज्जी,हज्जी,हज्जी,hag,urd
ज़कर,ज़करयाह,ज़करयाह,zec,urd
मला,मलाकी,मलाकी,mal,urd
मत्त,मत्ती,मत्ती,mat,urd
मर,मरकुस,मरकुस,mrk,urd
लूका,लूका,लूका,luk,urd
यूह,यूहन्ना,यूहन्ना,jhn,urd
रसूलों,रसूलों के आ'माल,रसूलों के आ'माल,act,urd
रोमि,रोमियों,रोमियों,rom,urd
1 कुरि,1 कुरिन्थियों,1 कुरिन्थियों,1co,urd
2 कुरि,2 कुरिन्थियों,2 कुरिन्थियों,2co,urd
गला,गलातियों,गलातियों,gal,urd
इफ़ि,इफ़िसियों,इफ़िसियों,eph,urd
फ़िलि,फ़िलिप्पियों,फ़िलिप्पियों,php,urd
कुलु,कुलुस्सियों,कुलुस्सियों,col,urd
1 थिस्स,1 थिस्सलुनीकियों,1 थिस्सलुनीकियों,1th,urd
2 थिस्स,2 थिस्सलुनीकियों,2 थिस्सलुनीकियों,2th,urd
1 तीमु,1 तीमुथियुस,1 तीमुथियुस,1ti,urd
2 तीमु,2 तीमुथियुस,2 तीमुथियुस,2ti,urd
तितु,तितुस,तितुस,tit,urd
फ़िले,फ़िलेमोन,फ़िलेमोन,phm,urd
इब्रा,इब्रानियों,इब्रानियों,heb,urd
या'क़ूब,या'क़ूब,या'क़ूब,jas,urd
1 पत,1 पतरस,1 पतरस,1pe,urd
2 पत,2 पतरस,2 पतरस,2pe,urd
1 यूह,1 यूहन्ना,1 यूहन्ना,1jn,urd
2 यूह,2 यूहन्ना,2 यूहन्ना,2jn,urd
3 यूह,3 यूहन्ना,3 यूहन्ना,3jn,urd
यहू,यहूदाह,यहूदाह,jud,urd
मुका,मुकाश्फ़ा,मुकाश्फ़ा,rev,urd
gen,Genesis,Genesis,gen,eng
exo,Exodus,Exodus,exo,eng
lev,Leviticus,Leviticus,lev,eng
num,Numbers,Numbers,num,eng
deu,Deuteronomy,Deuteronomy,deu,eng
jos,Joshua,Joshua,jos,eng
jdg,Judges,Judges,jdg,eng
rut,Ruth,Ruth,rut,eng
1sa,1 Samuel,1 Samuel,1sa,eng
2sa,2 Samuel,2 Samuel,2sa,eng
1ki,1 Kings,1 Kings,1ki,eng
2ch,2 Chronicles,2 Chronicles,2ch,eng
ezr,Ezra,Ezra,ezr,eng
neh,Nehemiah,Nehemiah,neh,eng
est,Esther,Esther,est,eng
job,Job,Job,job,eng
psa,Psalms,Psalms,psa,eng
pro,Proverbs,Proverbs,pro,eng
ecc,Ecclesiastes,Ecclesiastes,ecc,eng
sng,Song Of Solomon,Song Of Solomon,sng,eng
isa,Isaiah,Isaiah,isa,eng
jer,Jeremiah,Jeremiah,jer,eng
lam,Lamentations,Lamentations,lam,eng
ezk,Ezekiel,Ezekiel,ezk,eng
dan,Daniel,Daniel,dan,eng
hos,Hosea,Hosea,hos,eng
jol,Joel,Joel,jol,eng
amo,Amos,Amos,amo,eng
oba,Obadiah,Obadiah,oba,eng
jon,Jonah,Jonah,jon,eng
mic,Micah,Micah,mic,eng
nam,Nahum,Nahum,nam,eng
hab,Habakkuk,Habakkuk,hab,eng
zep,Zephaniah,Zephaniah,zep,eng
hag,Haggai,Haggai,hag,eng
zec,Zechariah,Zechariah,zec,eng
mal,Malachi,Malachi,mal,eng
mat,Matthew,Matthew,mat,eng
mrk,Mark,Mark,mrk,eng
luk,Luke,Luke,luk,eng
jhn,John,John,jhn,eng
act,Acts,Acts,act,eng
rom,Romans,Romans,rom,eng
1co,1 Corinthians,1 Corinthians,1co,eng
2co,2 Corinthians,2 Corinthians,2co,eng
gal,Galatians,Galatians,gal,eng
eph,Ephesians,Ephesians,eph,eng
php,Philippians,Philippians,php,eng
col,Colossians,Colossians,col,eng
1th,1 Thessalonians,1 Thessalonians,1th,eng
2th,2 Thessalonians,2 Thessalonians,2th,eng
1ti,1 Timothy,1 Timothy,1ti,eng
2ti,2 Timothy,2 Timothy,2ti,eng
phm,Philemon,Philemon,phm,eng
jas,James,James,jas,eng
1pe,1 Peter,1 Peter,1pe,eng
2pe,2 Peter,2 Peter,2pe,eng
1jn,1 John,1 John,1jn,eng
2jn,2 John,2 John,2jn,eng
3jn,3 John,3 John,3jn,eng
jud,Jude,Jude,jud,eng
rev,Revelation,Revelation,rev,eng
मत्ती,मत्ती,मत्ती के जरिये लिख्या गया सुसमाचार,mat,bgc
मर,मरकुस,मरकुस के जरिये लिख्या गया सुसमाचार,mrk,bgc
लूका,लूका,लूका के जरिये लिख्या गया सुसमाचार,luk,bgc
यूह,यूहन्ना,यूहन्ना के जरिये लिख्या गया सुसमाचार,jhn,bgc
प्रेरि,प्रेरितों के काम,प्रेरितां के काम का वर्णन,act,bgc
रोम,रोमियों,रोम नगर के माणसां ताहीं पौलुस की चिट्ठी,rom,bgc
1 कुरि,1 कुरिन्थियों,कुरिन्थिस नगर के माणसां ताहीं प्रेरित पौलुस की पैहली चिट्ठी,1co,bgc
2 कुरि,2 कुरिन्थियों,कुरिन्थिस नगर के माणसां ताहीं प्रेरित पौलुस की दुसरी चिट्ठी,2co,bgc
गला,गलातियों,गलातिया परदेस के माणसां ताहीं प्रेरित पौलुस की चिट्ठी,gal,bgc
इफि,इफिसियों,इफिसुस नगर के माणसां ताहीं प्रेरित पौलुस की चिट्ठी,eph,bgc
फिलि,फिलिप्पियों,फिलिप्पी नगर के माणसां ताहीं प्रेरित पौलुस की चिट्ठी,php,bgc
कुलु,कुलुस्सियों,कुलुस्से नगर के माणसां ताहीं प्रेरित पौलुस की चिट्ठी,col,bgc
1 थिस्स,1 थिस्सलुनीकियों,थिस्सलुनीकियों नगर के माणसां ताहीं प्रेरित पौलुस की पैहली चिट्ठी,1th,bgc
2 थिस्स,2 थिस्सलुनीकियों,थिस्सलुनीकियों नगर के माणसां ताहीं प्रेरित पौलुस की दुसरी चिट्ठी,2th,bgc
1 तीमुथि,1 तीमुथियुस,तीमुथियुस के नाम प्रेरित पौलुस की पैहली चिट्ठी,1ti,bgc
2 तीमुथि,2 तीमुथियुस,तीमुथियुस के नाम प्रेरित पौलुस की दुसरी चिट्ठी,2ti,bgc
तीतुस,तीतुस,तीतुस के नाम प्रेरित पौलुस की चिट्ठी,tit,bgc
फिले,फिलेमोन,फिलेमोन के नाम प्रेरित पौलुस की चिट्ठी,phm,bgc
इब्रा,इब्रानियों,इब्रानियों के नाम चिट्ठी,heb,bgc
याकूब,याकूब,याकूब की ओड़ तै चिट्ठी,jas,bgc
1 पत,1 पतरस,पतरस की पैहली चिट्ठी,1pe,bgc
2 पत,2 पतरस,पतरस की दुसरी चिट्ठी,2pe,bgc
1 यूह,1 यूहन्ना,यूहन्ना की पैहली चिट्ठी,1jn,bgc
2 यूह,2 यूहन्ना,यूहन्ना की दुसरी चिट्ठी,2jn,bgc
3 यूह,3 यूहन्ना,यूहन्ना की तीसरी चिट्ठी,3jn,bgc
यहूदा,यहूदा,यहूदा की चिट्ठी,jud,bgc
प्रका,प्रकाशित वाक्य,प्रकाशित वाक्य,rev,bgc
मत्ती,मत्ती,मत्ती री खुशखबरी,mat,bil
मर.,मरकुस,मरकुस री खुशखबरी,mrk,bil
लूका,लूका,लूका री खुशखबरी,luk,bil
यूह.,यूहन्ना,यूहन्ना री खुशखबरी,jhn,bil
प्रेरि.,प्रेरितां,प्रेरितां रे काम्म,act,bil
रोमी.,रोमियो,रोमियो,rom,bil
1 कुरि.,1 कुरिन्थियों,1 कुरिन्थियों,1co,bil
2 कुरि.,2 कुरिन्थियों,2 कुरिन्थियों,2co,bil
गला.,गलातियां,गलातियां,gal,bil
इफि.,इफिसियां,इफिसियां,eph,bil
फिलि.,फिलिप्पियां,फिलिप्पियां,php,bil
कुलु.,कुलुस्सियां,कुलुस्सियां,col,bil
1 थिस्स.,1 थिस्सलुनीकियां,1 थिस्सलुनीकियां,1th,bil
2 थिस्स.,2 थिस्सलुनीकियां,2 थिस्सलुनीकियां,2th,bil
1 तिमु.,1 तिमुथियुस,1 तिमुथियुस,1ti,bil
2 तिमु.,2 तिमुथियुस,2 तिमुथियुस,2ti,bil
तीतु.,तीतुस,तीतुस,tit,bil
फिले.,फिलेमोन,फिलेमोन,phm,bil
इब्रा.,इब्रानियों,इब्रानियों,heb,bil
याकू.,याकूब,याकूब,jas,bil
1 पत.,1 पतरस,1 पतरस,1pe,bil
2 पत.,2 पतरस,2 पतरस,2pe,bil
1 यूह.,1 यूहन्ना,1 यूहन्ना,1jn,bil
2 यूह.,2 यूहन्ना,2 यूहन्ना,2jn,bil
3 यूह.,3 यूहन्ना,3 यूहन्ना,3jn,bil
यहू.,यहूदा,यहूदा,jud,bil
प्रका.,प्रकाशितवाक्य,प्रकाशितवाक्य,rev,bil
मत्ती,मत्ती,मत्ती दा सनेया,mat,dgo
मरकुस,मरकुस,मरकुस दा सनेया,mrk,dgo
लूका,लूका,लूका दा सनेया,luk,dgo
यूहन्ना,यूहन्ना,यूहन्ना दा सनेया,jhn,dgo
प्रेरितों.,प्रेरितों के कम,प्रेरितों के कम,act,dgo
रोमियो,रोमियो,रोमियो,rom,dgo
1 कुरि.,1 कुरिन्थियों,1 कुरिन्थियों,1co,dgo
2 कुरि.,2 कुरिन्थियों,2 कुरिन्थियों,2co,dgo
गला.,गलातियों,गलातियों,gal,dgo
इफि.,इफिसियों,इफिसियों,eph,dgo
फिलि.,फिलिप्पियों,फिलिप्पियों,php,dgo
कुलु.,कुलुस्सियों,कुलुस्सियों,col,dgo
1 थिस्स.,1 थिस्सलुनीकियों,1 थिस्सलुनीकियों,1th,dgo
2 थिस्स.,2 थिस्सलुनीकियों,2 थिस्सलुनीकियों,2th,dgo
1 तीमु.,1 तीमुथियुस,1 तीमुथियुस,1ti,dgo
2 तीमु.,2 तीमुथियुस,2 तीमुथियुस,2ti,dgo
तीतुस,तीतुस,तीतुस,tit,dgo
फिलेमोन,फिलेमोन,फिलेमोन,phm,dgo
इब्रानियों,इब्रानियों,इब्रानियों,heb,dgo
याकूब,याकूब,याकूब,jas,dgo
1 पतरस,1 पतरस,1 पतरस,1pe,dgo
2 पतरस,2 पतरस,2 पतरस,2pe,dgo
1 यूहन्ना,1 यूहन्ना,1 यूहन्ना,1jn,dgo
2 यूहन्ना,2 यूहन्ना,2 यूहन्ना,2jn,dgo
3 यूहन्ना,3 यूहन्ना,3 यूहन्ना,3jn,dgo
यहूदा,यहूदा,यहूदा,jud,dgo
प्रकाशित.,प्रकाशितवाक्य,प्रकाशितवाक्य,rev,dgo
Mat,Matthew,Matthew Pora Likha Susamachar,mat,nag
Mrk,Mark,Mark Pora Likha Susamachar,mrk,nag
Luk,Luke,Luke Pora Likha Susamachar,luk,nag
Jhn,John,John Pora Likha Susamachar,jhn,nag
Act,Acts,Pasoni Khan Laga Kormo Khan,act,nag
Rom,Romans,Rome Te Thaka Khan Logot Paul Pora Likha Chithi,rom,nag
1Co,Prothom Corinthians,Corinth Te Thaka Khan Logot Paul Pora Likha Prothom Chithi,1co,nag
2Co,Duitio Corinthians,Corinth Te Thaka Khan Logot Paul Pora Likha Duitio Chithi,2co,nag
Gal,Galatians,Galatia Te Thaka Khan Logot Paul Pora Likha Chithi,gal,nag
Eph,Ephesians,Ephesus Te Thaka Khan Logot Paul Pora Likha Chithi,eph,nag
Php,Philippians,Philippi Te Thaka Khan Logot Paul Pora Likha Chithi,php,nag
Col,Colossians,Colossae Te Thaka Khan Logot Paul Pora Likha Chithi,col,nag
1Th,Prothom Thessalonians,Thessalonica Te Thaka Khan Logot Paul Laga Prothom Chithi,1th,nag
2Th,Duitio Thessalonians,Thessalonica Te Thaka Khan Logot Paul Laga Duitio Chithi,2th,nag
1Ti,Prothom Timothy,Timothy Ke Paul Pora Likha Prothom Chithi,1ti,nag
2Ti,Duitio Timothy,Timothy Ke Paul Pora Likha Duitio Chithi,2ti,nag
Tit,Titus,Titus Ke Paul Pora Likha Chithi,tit,nag
Phm,Philemon,Philemon Ke Paul Pora Likha Chithi,phm,nag
Heb,Hebrews,Ibrani Khan Ke Likha Chithi,heb,nag
Jas,James,James Pora Likha Chithi,jas,nag
1Pe,Prothom Peter,Peter Pora Likha Prothom Chithi,1pe,nag
2Pe,Duitio Peter,Peter Pora Likha Duitio Chithi,2pe,nag
1Jn,Prothom John,John Pora Likha Prothom Chithi,1jn,nag
2Jn,Duitio John,John Pora Likha Duitio Chithi,2jn,nag
3Jn,Tritio John,John Pora Likha Tritio Chithi,3jn,nag
Jud,Jude,Jude Pora Likha Chithi,jud,nag
Rev,Revelation,John Logot Prokahit Kora Kotha,rev,nag
