language,books,chapter,url
mal,mrk,4,https://youtu.be/hKQGwWKWdHU
mal,mat,1,https://youtu.be/NXkx9-Ejppo
mal,mat,20,https://youtu.be/pFaFhLioHSY
mal,mat,17,https://youtu.be/7v-YALbfkJI
mal,mat,9,https://youtu.be/I648BV0cx5Y
mal,jhn,1,https://youtu.be/8R6sbCHiyhQ
mal,luk,17,https://youtu.be/P691xAiGO1E
mal,luk,13,https://youtu.be/5_v_98gom5c
mal,luk,7,https://youtu.be/cFwztxKWD_A
mal,luk,5,https://youtu.be/s_aOl-Z-VxU
mal,mat,25,https://youtu.be/Gq-Y8wUU19g
mal,mat,22,https://youtu.be/4U-zO_XeOzE
mal,mat,25,https://youtu.be/Q2s5KAt-dkU
mal,mat,25,https://youtu.be/tOm29FiutSo
mal,mat,24,https://youtu.be/ifv-nPo1t2k
mal,mat,21,https://youtu.be/OqmBiDWK1sw
mal,mat,20,https://youtu.be/uENgA6V6-Jo
mal,mat,18,https://youtu.be/QO9KMjI7QLs
mal,mat,13,https://youtu.be/VvmuLApwYPY
mal,mat,13,https://youtu.be/hBrwShOmjqU
mal,mat,13,https://youtu.be/EPR47xbLJ7E
mal,mat,13,https://youtu.be/BueEu8nh474
mal,mat,28,https://youtu.be/zVzlaGuoehE
mal,mat,24,https://youtu.be/Sf2oAfNNx2I
mal,mat,24,https://youtu.be/EVm3F_YdHoI
mal,mat,19,https://youtu.be/HWYqu5Aap9Q
mal,mat,7,https://youtu.be/AQV270BnHqc
mal,mat,6,https://youtu.be/LqsAh9w6cEM
mal,mat,6,https://youtu.be/Cu1bfJbyBqA
mal,mat,6,https://youtu.be/_brKpSel0IE
mal,mat,5,https://youtu.be/iO-7x65soGo
mal,mat,5,https://youtu.be/IHdKI3E3azQ
mal,mat,5,https://youtu.be/vzDigfQtvps
mal,mat,4,https://youtu.be/R-Va_MdInfs
mal,mat,3,https://youtu.be/QdTkNF-WG58
mal,jhn,17,https://youtu.be/Mk1_mrszJfg
mal,jhn,16,https://youtu.be/t75nQCgch-A
mal,jhn,15,https://youtu.be/2Mzon8f4dwo
mal,jhn,13,https://youtu.be/d11NFh9VYvE
mal,jhn,10,https://youtu.be/vp775yfVKiw
mal,jhn,8,https://youtu.be/4WrYX7S21fo
mal,jhn,6,https://youtu.be/22X2UVpWk1k
mal,jhn,21,https://youtu.be/dwmjgvamAyw
mal,jhn,11,https://youtu.be/uSa6KN8JWWE
mal,jhn,9,https://youtu.be/QMZn2jNw6WU
mal,jhn,5,https://youtu.be/dY-QybnMRiQ
mal,jhn,4,https://youtu.be/5n9dlJPrwSI
mal,jhn,2,https://youtu.be/7wJa6bdRCPo
mal,luk,18,https://youtu.be/xhsA8COSdLA
mal,luk,16,https://youtu.be/yRH1jWN7H0U
mal,luk,15,https://youtu.be/-ADrSzkq8gY
mal,luk,15,https://youtu.be/EJXkP-SJFHE
mal,luk,12,https://youtu.be/D5202LLkUq4
mal,luk,11,https://youtu.be/JTM-l6Gt9pw
mal,luk,10,https://youtu.be/Mvm4IM74Qtc
mal,luk,7,https://youtu.be/P48d33yWkjU
mal,luk,12,https://youtu.be/XBOrZBFwW1w
mal,luk,6,https://youtu.be/gLvYCi3QDck
mal,luk,6,https://youtu.be/b8mpFve9YWc
mal,luk,2,https://youtu.be/AYy7DlYrWOI
mal,luk,2,https://youtu.be/xGClmK_BxhE
mal,luk,2,https://youtu.be/0mVvIgAJOXQ
mal,luk,1,https://youtu.be/QBS5FXZQg3k
mal,mrk,1,https://youtu.be/U-s2Z1tYhN8
mal,mrk,1,https://youtu.be/n_a6T1ZlTyw
mal,mrk,2,https://youtu.be/uLv1QVupyzA
mal,mrk,3,https://youtu.be/9UNjIjNzJZI
mal,mrk,4,https://youtu.be/xgvxOiEbtZ8
mal,mrk,5,https://youtu.be/YLwcdJYSOLk
mal,mrk,5,https://youtu.be/3zvQWwphaLc
mal,mrk,6,https://youtu.be/mO_KIIZDOqw
mal,mrk,6,https://youtu.be/WghgbpxYCJg
mal,mrk,7,https://youtu.be/psDzFiB6eyc
mal,mrk,7,https://youtu.be/bMAtJwNnOiA
mal,mrk,8,https://youtu.be/AsXC6Ybx2Bw
mal,mrk,8,https://youtu.be/0Y_I0418MMY
mal,mrk,9,https://youtu.be/Fcxjo82fhlU
mal,mrk,10,https://youtu.be/yOsbhi3xITA
mal,mrk,11,https://youtu.be/N9n2mQ6amjA
mal,mrk,8,https://youtu.be/pDB7vCYsUQI
mal,mrk,9,https://youtu.be/hrFPhGFkDhs
mal,mrk,9,https://youtu.be/HQx_CnKR3SI
mal,mrk,10,https://youtu.be/SUglUY2nCfQ
mal,mrk,11,https://youtu.be/tRJJBiD2bUQ
mal,mrk,12,https://youtu.be/CJSzbq4JZ9k
mal,mrk,12,https://youtu.be/Vxs7zow49Lo
mal,mrk,14,https://youtu.be/xR3888_uD-Y
mal,mrk,14,https://youtu.be/84MO5Hpe0oY
mal,mrk,14,https://youtu.be/aWuD-qQObsg
mal,mrk,14,https://youtu.be/FluiIHxlSyQ
mal,mrk,15,https://youtu.be/oHzBOoKWhBw
mal,mrk,15,https://youtu.be/5BSlqBbL5RA
mal,mrk,15,https://youtu.be/Cbghb-x6JuM
mal,mrk,16,https://youtu.be/siLt0nZFJoI
mal,mrk,3,https://youtu.be/oFWW-97vEro
mal,mrk,4,https://youtu.be/YFUqTSoEeYQ
mal,mrk,3,https://youtu.be/p1zrIee8zz4
mal,mrk,4,https://youtu.be/UBgpNdDkNw4
mal,mrk,7,https://youtu.be/T1XaH65UMqw
mal,mrk,12,https://youtu.be/pn6tNJ-rrUo
mal,mat,1,https://youtu.be/NsNUC6ge-VY
mal,mat,2,https://youtu.be/g1bylPCfUGI
mal,mat,3,https://youtu.be/dGhTThkGn8Y
mal,mat,4,https://youtu.be/POqHTCq_3r8
mal,mat,5,https://youtu.be/4vI5AGXQ180
mal,mat,6,https://youtu.be/sZpaUgNaKaA
mal,mat,7,https://youtu.be/_gWQL7OohXw
mal,mat,8,https://youtu.be/TvrO2CNViUU
mal,mat,9,https://youtu.be/PJQ90eaV3H4
mal,mat,10,https://youtu.be/L9_wCx5y6-8
mal,mat,11,https://youtu.be/k1GmLLZgBAM
mal,mat,12,https://youtu.be/nfjlLlPwx1I
mal,mat,13,https://youtu.be/9M2D_rUB59w
mal,mat,14,https://youtu.be/5Y7LoB8WVQ0
mal,mat,15,https://youtu.be/muLbvmAxchU
mal,mat,16,https://youtu.be/OfETTB8xUFE
mal,mat,17,https://youtu.be/tJ5jlcJ2CIk
mal,mat,18,https://youtu.be/jNcL8fRBJ9A
mal,mat,19,https://youtu.be/3_4TOAUrz-s
mal,mat,20,https://youtu.be/AVGKQo5ivEI
mal,mat,21,https://youtu.be/ElVcSLXUPbc
mal,mat,22,https://youtu.be/sy0lrjQOIdE
mal,mat,23,https://youtu.be/O4UIR2RadwE
mal,mat,24,https://youtu.be/OooF4Sbb5LM
mal,mat,25,https://youtu.be/gd2VtVMD3Zo
mal,mat,26,https://youtu.be/OywwD-cGs1Y
mal,mat,26,https://youtu.be/1eo38Jm0s4s
mal,mat,27,https://youtu.be/2v-Lzq4eNSY
mal,mat,27,https://youtu.be/rNCptiwD8xQ
mal,mat,28,https://youtu.be/NzBeAmK_riU
mal,mrk,1,https://youtu.be/KJbBUtDe7lI
mal,mrk,2,https://youtu.be/shS8s9lbHAo
mal,mrk,3,https://youtu.be/EzkF2Vx1_aA
mal,mrk,4,https://youtu.be/nlbhrD-EyqY
mal,mrk,5,https://youtu.be/C9YSC_OSDpw
mal,mrk,6,https://youtu.be/-ZdB1a9izOw
mal,mrk,7,https://youtu.be/kWbMS8JeoOw
mal,mrk,8,https://youtu.be/UYKffMONqyM
mal,mrk,9,https://youtu.be/SZtOOJUQCno
mal,mrk,10,https://youtu.be/917GBo4Rvqs
mal,mrk,11,https://youtu.be/chDYYysgI24
mal,mrk,12,https://youtu.be/023sJp_0CQU
mal,mrk,13,https://youtu.be/34FQoBBe5bo
mal,mrk,14,https://youtu.be/GK8u5MEptyE
mal,mrk,14,https://youtu.be/mVZtCLf7h0w
mal,mrk,15,https://youtu.be/_V2La6Immns
mal,mrk,16,https://youtu.be/0DRYG_9h01w
mal,luk,1,https://youtu.be/YtKyUG2HZB8
mal,luk,1,https://youtu.be/IpZTbDGfoJM
mal,luk,2,https://youtu.be/UrkOHAqOQE8
mal,luk,3,https://youtu.be/8iR5tSriWSg
mal,luk,4,https://youtu.be/wjiyRDBD6m0
mal,luk,5,https://youtu.be/fJYXj-4Euyo
mal,luk,6,https://youtu.be/li1-52hF5lw
mal,luk,7,https://youtu.be/prMc5NhpWwM
mal,luk,8,https://youtu.be/D9LnKSdXnPQ
mal,luk,8,https://youtu.be/DX6vhEeVgJs
mal,luk,9,https://youtu.be/kFSDE5V7NMk
mal,luk,9,https://youtu.be/XxKEppumRno
mal,luk,10,https://youtu.be/oovZALr6gTA
mal,luk,11,https://youtu.be/jLPk9ZChWGI
mal,luk,12,https://youtu.be/PQmzdE4PKd8
mal,luk,13,https://youtu.be/ioPXpWprXZ8
mal,luk,14,https://youtu.be/Rt5jdFPW3Ag
mal,luk,15,https://youtu.be/xLiJC7aECkE
mal,luk,16,https://youtu.be/DfX1Ws9MmFU
mal,luk,17,https://youtu.be/KwEiNJJUT2I
mal,luk,18,https://youtu.be/NyZ5mysUvj8
mal,luk,19,https://youtu.be/AyYlLW8lqiA
mal,luk,20,https://youtu.be/gfMjbYLlwww
mal,luk,21,https://youtu.be/OzphMg1yWf4
mal,luk,22,https://youtu.be/5jilycITs5s
mal,luk,22,https://youtu.be/c6LSVQnbG-c
mal,luk,23,https://youtu.be/IrxCtNV575Q
mal,luk,23,https://youtu.be/5vXs645HAAM
mal,luk,24,https://youtu.be/XgRi5wxtfkA
mal,jhn,1,https://youtu.be/1juvZHeOIOo
mal,jhn,2,https://youtu.be/LBvO5Uh-2rI
mal,jhn,3,https://youtu.be/DkwaMKrr_h8
mal,jhn,4,https://youtu.be/hI9oz8XQGdc
mal,jhn,5,https://youtu.be/QqUGLJ1KZtw
mal,jhn,6,https://youtu.be/yo2Slw-qR1I
mal,jhn,6,https://youtu.be/Id3Guvb6BwY
mal,jhn,7,https://youtu.be/zYk39Uv2qqk
mal,jhn,8,https://youtu.be/3_DS-Z5tYRY
mal,jhn,8,https://youtu.be/D7qDY7pEtNE
mal,jhn,9,https://youtu.be/QCbxgnqi458
mal,jhn,10,https://youtu.be/SIT-nYrkFOM
mal,jhn,11,https://youtu.be/yH66UbQnQAs
mal,jhn,12,https://youtu.be/yVI6pdUbb-Y
mal,jhn,13,https://youtu.be/vsHadajHXzQ
mal,jhn,14,https://youtu.be/Ana1PZzHlgA
mal,jhn,15,https://youtu.be/hgmcTF_5mTc
mal,jhn,16,https://youtu.be/R2CoeRpiuQg
mal,jhn,17,https://youtu.be/8z2Ud_OwCh8
mal,jhn,18,https://youtu.be/jtGGFH_DHmU
mal,jhn,19,https://youtu.be/DNQmoC3lq94
mal,jhn,19,https://youtu.be/CP-Dpl06Z2A
mal,jhn,20,https://youtu.be/zYwQ4reiFvk
mal,jhn,21,https://youtu.be/UwpCI1i7zKQ
hin,mrk,1,https://youtu.be/lnE2pjQxcEY
hin,mrk,1,https://youtu.be/YBtHjY8EUU8
hin,mrk,2,https://youtu.be/5jkUBaUWcsQ
hin,mrk,3,https://youtu.be/JZZ0CmpZgVU
hin,mrk,4,https://youtu.be/_mBBPPRNCQ0
hin,mrk,5,https://youtu.be/mp0YH-uIaDQ
hin,mrk,5,https://youtu.be/Veg4gW-whwA
hin,mrk,6,https://youtu.be/Xjw8E1dg70g
hin,mrk,6,https://youtu.be/5v2HG4dujzA
hin,mrk,7,https://youtu.be/2u8P2lYB63w
hin,mrk,7,https://youtu.be/8_xMJarNqmc
hin,mrk,8,https://youtu.be/ozC-vuyso4A
hin,mrk,8,https://youtu.be/Zo_637qoLXQ
hin,mrk,9,https://youtu.be/Q_C6fnvXcRw
hin,mrk,10,https://youtu.be/-HlfAPIpiqA
hin,mrk,11,https://youtu.be/LDNfPdd_H6s
hin,mrk,3,https://youtu.be/vskFHs544V4
hin,mrk,4,https://youtu.be/p5AyhLmlUhA
hin,mrk,4,https://youtu.be/RrPgoHUtfQg
hin,mrk,4,https://youtu.be/2QL8Pjf5cKU
hin,mrk,4,https://youtu.be/kknglDppcHI
hin,mrk,7,https://youtu.be/Dp6ZxGjaXB4
hin,mrk,12,https://youtu.be/MQuAdNHsHgc
hin,mrk,8,https://youtu.be/V-NF9Ufac0M
hin,mrk,9,https://youtu.be/aXxidQ7NzVQ
hin,mrk,9,https://youtu.be/lNHUiYrhB3M
hin,mrk,10,https://youtu.be/858oHR0ltwY
hin,mrk,11,https://youtu.be/pX5zfnViFts
hin,mrk,12,https://youtu.be/7bgbJ4ntEEs
hin,mrk,12,https://youtu.be/LViszwMC5xM
hin,mrk,14,https://youtu.be/fP_3HPhx9kE
hin,mrk,14,https://youtu.be/Rpfh2GZ2JN4
hin,mrk,14,https://youtu.be/MsQ2OHzySv8
hin,mrk,14,https://youtu.be/-dq9UECc1Jw
hin,mrk,15,https://youtu.be/0RgmCoKH52A
hin,mrk,15,https://youtu.be/ftMq8Q180Gc
hin,mrk,15,https://youtu.be/f8NPI-Oh-tg
hin,mrk,16,https://youtu.be/qLN37guXcJE
hin,jhn,17,https://youtu.be/DpGfjcAjS7E
hin,jhn,16,https://youtu.be/UTO3K75oHpI
hin,jhn,15,https://youtu.be/cRvEEh0dNN4
hin,jhn,13,https://youtu.be/mnmP6gVHlyY
hin,jhn,10,https://youtu.be/L6q6rGWga3A
hin,jhn,8,https://youtu.be/a1xy3d4Hv4Q
hin,jhn,6,https://youtu.be/SMjka9UgyxE
hin,jhn,21,https://youtu.be/oj_FrW5O0f8
hin,jhn,11,https://youtu.be/evtfgkvVXqs
hin,jhn,9,https://youtu.be/k_RfA3AhQoo
hin,jhn,5,https://youtu.be/UEYfV1cAzLA
hin,jhn,4,https://youtu.be/wJkU0sFb74A
hin,jhn,2,https://youtu.be/hkyR4x-gESs
hin,luk,18,https://youtu.be/hM837dvIYWY
hin,luk,16,https://youtu.be/CN_wFF5vWxk
hin,luk,15,https://youtu.be/rRDJmNPjRrc
hin,luk,15,https://youtu.be/DK8Hlzc06-8
hin,luk,12,https://youtu.be/pyujS-gilXE
hin,luk,11,https://youtu.be/ITHCi7SIb1g
hin,luk,10,https://youtu.be/JtEfhne-Ii4
hin,luk,7,https://youtu.be/c6fP6h1c3vU
hin,luk,6,https://youtu.be/cHRdQn7tL-0
hin,luk,12,https://youtu.be/o2DQSt2v79E
hin,luk,6,https://youtu.be/srT69keQGdA
hin,luk,2,https://youtu.be/fw6fdkmA7Yk
hin,luk,2,https://youtu.be/OpkiU8TQuXk
hin,luk,2,https://youtu.be/UnZPAp7WWJ0
hin,luk,1,https://youtu.be/oxF2G7BJXBY
hin,jhn,1,https://youtu.be/lPtkcLCysCY
hin,luk,17,https://youtu.be/EJW5gkSmG5Y
hin,luk,13,https://youtu.be/xURTaCGITAk
hin,luk,7,https://youtu.be/QPR0ObKbRvQ
hin,luk,5,https://youtu.be/rd_IYDjDedM
hin,mat,20,https://youtu.be/iNMJLwWemtA
hin,mat,17,https://youtu.be/DtFHNyUjbMg
hin,mat,9,https://youtu.be/g9BJLgtmPTc
hin,mat,25,https://youtu.be/90CEBqc87g0
hin,mat,25,https://youtu.be/o6eV61JcmWk
hin,mat,25,https://youtu.be/x_JmiDTiJDM
hin,mat,24,https://youtu.be/WOkOaR1MKuE
hin,mat,22,https://youtu.be/jy-Qy4GfFf8
hin,mat,21,https://youtu.be/ClcVGYAJWec
hin,mat,20,https://youtu.be/YC2EeHqMpmQ
hin,mat,18,https://youtu.be/VHqHPCvplt4
hin,mat,13,https://youtu.be/jcBqF_Jhlo4
hin,mat,13,https://youtu.be/7xmrgR0TkpI
hin,mat,13,https://youtu.be/P0quW2HdRro
hin,mat,13,https://youtu.be/y7T-eUu0y2U
hin,mat,28,https://youtu.be/HPk8iAIEfck
hin,mat,24,https://youtu.be/yHg3F6Gym7w
hin,mat,24,https://youtu.be/owjO6JfMVbE
hin,mat,19,https://youtu.be/lf3uUwaq-FE
hin,mat,7,https://youtu.be/qX2nVxDomII
hin,mat,6,https://youtu.be/UriuV6OJMLU
hin,mat,6,https://youtu.be/zLJHfOD2YaI
hin,mat,6,https://youtu.be/smuPa3_QA9w
hin,mat,5,https://youtu.be/l5VOkqMt_Ak
hin,mat,5,https://youtu.be/zBqG5APCg44
hin,mat,5,https://youtu.be/ndD5io6ALeY
hin,mat,4,https://youtu.be/YgxwRJr6za0
hin,mat,3,https://youtu.be/3oHrvlQ3DpY
hin,mat,1,https://youtu.be/o7phF0Z2C9I
hin,mat,1,https://youtu.be/9UOh2fQNV44
hin,mat,1,https://youtu.be/v2IxrFOrfHU
hin,mat,3,https://youtu.be/GhRg4FpkQIY
hin,mat,4,https://youtu.be/WlixFPRSD6Y
hin,mat,5,https://youtu.be/pvrcdSlgcX8
hin,mat,6,https://youtu.be/772zHopS1h4
hin,mat,7,https://youtu.be/aMdqCtmxIQ4
hin,mat,8,https://youtu.be/4ZlWZxwmqS4
hin,mat,9,https://youtu.be/mFy23BjK594
hin,mat,10,https://youtu.be/ygiRGTaMa6s
hin,mat,11,https://youtu.be/ABAI3rQbhQ4
hin,mat,12,https://youtu.be/2SmdIjjcThM
hin,mat,13,https://youtu.be/Tx3n_xX6v7Y
hin,mat,14,https://youtu.be/KcqUoveNh2k
hin,mat,15,https://youtu.be/_Ai2jrxvy5s
hin,mat,16,https://youtu.be/QL6dSb8q_BE
hin,mat,17,https://youtu.be/xRWCB5qNNZc
hin,mat,18,https://youtu.be/nqD-oG5cy4M
hin,mat,19,https://youtu.be/CEiLV-0NKFs
hin,mat,20,https://youtu.be/OV9PZywyCLE
hin,mat,21,https://youtu.be/PmIqIvTTk0E
hin,mat,22,https://youtu.be/hyfk2Xl-tyo
hin,mat,23,https://youtu.be/NFrJrGzhkf4
hin,mat,24,https://youtu.be/5XZTdNHuQHg
hin,mat,25,https://youtu.be/5XQ227Qzf6s
hin,mat,26,https://youtu.be/skCgFejn9Dc
hin,mat,26,https://youtu.be/7wbL7-h4Ri0
hin,mat,27,https://youtu.be/SE_eZ4eXi24
hin,mat,27,https://youtu.be/weDzN9Epdlw
hin,mat,28,https://youtu.be/D5B6mN64CyI
hin,mrk,1,https://youtu.be/C8FcyXZHGok
hin,mrk,2,https://youtu.be/a6a_ePX7YAk
hin,mrk,3,https://youtu.be/nHZuEI1DqQI
hin,mrk,4,https://youtu.be/lhbi09aglHI
hin,mrk,5,https://youtu.be/B49_HBJ9Eww
hin,mrk,6,https://youtu.be/2rKeNjOdt8U
hin,mrk,7,https://youtu.be/IyS16v6VdvQ
hin,mrk,8,https://youtu.be/wZcS3bY8_jk
hin,mrk,9,https://youtu.be/cHZ0kOByy-E
hin,mrk,10,https://youtu.be/2rFrefiOM8I
hin,mrk,11,https://youtu.be/XMo84TIgDNE
hin,mrk,12,https://youtu.be/mFBsvxrCktA
hin,mrk,13,https://youtu.be/85OHDI6GS28
hin,mrk,14,https://youtu.be/JnSl1Y3URrE
hin,mrk,14,https://youtu.be/axRmhrX2tMI
hin,mrk,15,https://youtu.be/_6Y7_TQWJaY
hin,mrk,16,https://youtu.be/2W7aDrlrB8M
hin,luk,1,https://youtu.be/P_ME0YBH2pE
hin,luk,1,https://youtu.be/7ywdKIjaSmM
hin,luk,2,https://youtu.be/n3dW-XG-hOY
hin,luk,3,https://youtu.be/zPx3h39u3Z0
hin,luk,4,https://youtu.be/EYTux2pj71o
hin,luk,5,https://youtu.be/Ah3bSq-zNAA
hin,luk,6,https://youtu.be/wTa9SVOSR-k
hin,luk,7,https://youtu.be/eRX8niuVIO4
hin,luk,8,https://youtu.be/lecGO0m05Y0
hin,luk,8,https://youtu.be/PymIO6Cj59A
hin,luk,9,https://youtu.be/jSp3FG4POMs
hin,luk,9,https://youtu.be/nxwaIWRQElY
hin,luk,10,https://youtu.be/fw53RScHdkY
hin,luk,11,https://youtu.be/KfMkef7t53Q
hin,luk,12,https://youtu.be/41zEpT_f-YY
hin,luk,24,https://youtu.be/KBxqccQA2lA
hin,luk,23,https://youtu.be/xFlfca3eY5k
hin,luk,23,https://youtu.be/lMkE11vllIc
hin,luk,22,https://youtu.be/QK_9iXYfq_A
hin,luk,22,https://youtu.be/pe3hF2b5LKQ
hin,luk,21,https://youtu.be/iUQ_CvAs9KM
hin,luk,20,https://youtu.be/ZB6FNuzIJcc
hin,luk,19,https://youtu.be/x3uoIUxKxow
hin,luk,18,https://youtu.be/o7KHbS929kc
hin,luk,17,https://youtu.be/tv5QGElsm5k
hin,luk,16,https://youtu.be/VNoV2TYfvNU
hin,luk,15,https://youtu.be/O4BMPraSyMw
hin,luk,14,https://youtu.be/MuHATWX5Vy0
hin,luk,13,https://youtu.be/jZSrhNS9b_g
hin,jhn,1,https://youtu.be/nEFDTAfNEy0
hin,jhn,2,https://youtu.be/iMVMIZbZpeU
hin,jhn,3,https://youtu.be/wWMq2J5NYG8
hin,jhn,4,https://youtu.be/10Ko1RM2F5g
hin,jhn,5,https://youtu.be/764DVKmJrsg
hin,jhn,6,https://youtu.be/QlYSw3Qxba8
hin,jhn,6,https://youtu.be/XNgw7VS87Jc
hin,jhn,7,https://youtu.be/gUxNe3r9LKQ
hin,jhn,8,https://youtu.be/vtET0vja0Cw
hin,jhn,8,https://youtu.be/1oxVxoWD9Ss
hin,jhn,9,https://youtu.be/lEIpHXgB0Ng
hin,jhn,10,https://youtu.be/hKyLfDAKWxM
hin,jhn,11,https://youtu.be/TghL2t7ygFE
hin,jhn,12,https://youtu.be/xi6SoTJaTtQ
hin,jhn,13,https://youtu.be/xCC13m4ahbA
hin,jhn,14,https://youtu.be/6GO-6IcHczs
hin,jhn,15,https://youtu.be/FKB2UVUFYUQ
hin,jhn,16,https://youtu.be/ix7O5rk4Rog
hin,jhn,17,https://youtu.be/UJx0Jwlezug
hin,jhn,18,https://youtu.be/TVCJtzvw7oQ
hin,jhn,19,https://youtu.be/sznnM9p4DWM
hin,jhn,19,https://youtu.be/KlRHLu2wQog
hin,jhn,20,https://youtu.be/zF_CVmT_jZE
hin,jhn,21,https://youtu.be/vJ0BdJHAc4g
hin,jhn,10,https://youtu.be/yA-Sp6FifI4
hin,jhn,3,https://youtu.be/JivV8tflTmk
hin,luk,15,https://youtu.be/vAdxpGxHLeI
hin,luk,14,https://youtu.be/tpi3HwHajVE
hin,luk,12,https://youtu.be/mWdoDw6Vbbg
hin,mat,25,https://youtu.be/PKnMFm5OEhY
hin,mrk,12,https://youtu.be/IE0m_fJi5iU
hin,mat,22,https://youtu.be/7RznFaj3kSI
hin,mat,18,https://youtu.be/D4pnQGfXq3I
hin,mat,18,https://youtu.be/ppjAbtO88oo
hin,mat,11,https://youtu.be/_G1k4T1LLbU
hin,mat,10,https://youtu.be/-EyGDJWUvms
hin,mat,7,https://youtu.be/v9rKkmoPXSU
hin,luk,6,https://youtu.be/Nx8JlRUmKk4
hin,mat,7,https://youtu.be/baw95GZ0R-Y
hin,mat,7,https://youtu.be/9wNDwMOfVc0
hin,mat,7,https://youtu.be/8gg0guX8zE0
hin,luk,6,https://youtu.be/7uREp58sxAA
hin,mat,7,https://youtu.be/qdAQvcEXBTk
hin,mat,6,https://youtu.be/vuW4p_xGYfg
hin,mat,6,https://youtu.be/2w4YWApLIi0
hin,mat,6,https://youtu.be/GHHfP6m4kkg
hin,mat,6,https://youtu.be/XEvZLK8cu34
hin,luk,6,https://youtu.be/Dr2KGzDMV-k
hin,mat,5,https://youtu.be/R_1pZdvkfhs
hin,mat,5,https://youtu.be/QuE2WIq5STc
ben,mrk,1,https://youtu.be/j5n9E_QW3CQ
ben,mrk,1,https://youtu.be/tgiwTOalz3w
ben,mrk,2,https://youtu.be/OqukRkDaKOg
ben,mrk,3,https://youtu.be/ajQV1dZC-gQ
ben,mrk,4,https://youtu.be/54nsDys978o
ben,mrk,5,https://youtu.be/RJxXbz1hvbk
ben,mrk,5,https://youtu.be/aRQ2tnZxlps
ben,mrk,6,https://youtu.be/A2xJ2BnafJU
ben,mrk,6,https://youtu.be/xwDFe67E9_c
ben,mrk,7,https://youtu.be/G6_7M-NVsVk
ben,mrk,7,https://youtu.be/uzYSdzPrTRI
ben,mrk,8,https://youtu.be/Hd4iOy4Oh30
ben,mrk,8,https://youtu.be/Pcg3uIZzxrU
ben,mrk,9,https://youtu.be/YhxWbEEHXsE
ben,mrk,10,https://youtu.be/y3vBcdbMwZc
ben,mrk,11,https://youtu.be/yE0t79ElCpY
ben,mrk,8,https://youtu.be/6NP3NIgYkEA
ben,mrk,9,https://youtu.be/dHV_O0aGkgo
ben,mrk,9,https://youtu.be/h0jUXqQvcv4
ben,mrk,10,https://youtu.be/N9cVCFAboJk
ben,mrk,11,https://youtu.be/_SexjyLPemU
ben,mrk,12,https://youtu.be/4czABxgNlbM
ben,mrk,12,https://youtu.be/5MU_l7hrou8
ben,mrk,14,https://youtu.be/aUv5HEinGUA
ben,mrk,14,https://youtu.be/Ge96gH6FD3I
ben,mrk,14,https://youtu.be/PgLfhZvCaCI
ben,mrk,14,https://youtu.be/N-_uQAYGUqs
ben,mrk,15,https://youtu.be/aAIkWqpBuQY
ben,mrk,15,https://youtu.be/qplK7PYRoBQ
ben,mrk,15,https://youtu.be/znmKQHmYD-k
ben,mrk,16,https://youtu.be/-Lcs1V-x0Bo
ben,mrk,3,https://youtu.be/YeehdAJ9YDk
ben,mrk,4,https://youtu.be/sEPW75UKhhQ
ben,mrk,4,https://youtu.be/_srM_dnxNeE
ben,mrk,4,https://youtu.be/7Na_EKWblyA
ben,mrk,4,https://youtu.be/jiQNlI-Uclo
ben,mrk,7,https://youtu.be/wDeTBcdXp04
ben,mrk,12,https://youtu.be/7rzMPiTtJXI
ben,jhn,17,https://youtu.be/MAgo9CpZAyk
ben,jhn,16,https://youtu.be/jx_Hx7rdx3k
ben,jhn,15,https://youtu.be/emXzJEg26-g
ben,jhn,13,https://youtu.be/57xcRn9zH9U
ben,jhn,10,https://youtu.be/vsZWc-DKpBc
ben,jhn,8,https://youtu.be/VRsqpIKzu7U
ben,jhn,6,https://youtu.be/PwVLBeERA_U
ben,jhn,21,https://youtu.be/4oTYUaM7fRo
ben,jhn,11,https://youtu.be/quj2E3DVXn8
ben,jhn,9,https://youtu.be/YniYsRcJP5A
ben,jhn,5,https://youtu.be/y7VB1Rrx8dM
ben,jhn,4,https://youtu.be/mGBTJzwBFrQ
ben,jhn,2,https://youtu.be/qa3bXVf2gkA
ben,luk,18,https://youtu.be/X_cgdzbZL_k
ben,luk,16,https://youtu.be/wVqAJ7WEVe0
ben,luk,15,https://youtu.be/sU9CCex9OgI
ben,luk,15,https://youtu.be/3i-bx90j3Nc
ben,luk,12,https://youtu.be/RGw17ZXMm4c
ben,luk,11,https://youtu.be/-sDijjzK3BE
ben,luk,10,https://youtu.be/dn3HYcSfog4
ben,luk,7,https://youtu.be/sLnfepgT598
ben,luk,6,https://youtu.be/QhIp4kR9fdw
ben,luk,12,https://youtu.be/Gem_BZGy5EQ
ben,luk,6,https://youtu.be/rPc0RSkKsMk
ben,luk,2,https://youtu.be/67a5Q8T6hKQ
ben,luk,2,https://youtu.be/gR3-M67pIwo
ben,luk,2,https://youtu.be/qFskLrfdW00
ben,luk,1,https://youtu.be/_bDR9IFC8zQ
ben,jhn,1,https://youtu.be/ISkKME-JN-Q
ben,luk,17,https://youtu.be/a5GYJldIoWk
ben,luk,13,https://youtu.be/YFq0H0iufdg
ben,luk,7,https://youtu.be/JKvb8kKoiYI
ben,luk,5,https://youtu.be/h060d7GKZRg
ben,mat,25,https://youtu.be/GoUXO0-Eyns
ben,mat,25,https://youtu.be/DP-1jUOB5CM
ben,mat,25,https://youtu.be/jvyO8fB7Tu8
ben,mat,24,https://youtu.be/WuLxDNyRMNk
ben,mat,22,https://youtu.be/e01r-A9778U
ben,mat,21,https://youtu.be/aqRtU8Ud_Fo
ben,mat,20,https://youtu.be/dQsmwJxQ8pI
ben,mat,18,https://youtu.be/BDVgDipzFp8
ben,mat,13,https://youtu.be/zPyBypFcTxA
ben,mat,13,https://youtu.be/eKkBrrr1ihY
ben,mat,13,https://youtu.be/H2JoQKp3z58
ben,mat,13,https://youtu.be/kZiW90HQoxQ
ben,mat,28,https://youtu.be/yUhIWO34ex0
ben,mat,24,https://youtu.be/YfvET3rcExs
ben,mat,24,https://youtu.be/Hj62qfesBKY
ben,mat,19,https://youtu.be/YTs12K1A5wQ
ben,mat,7,https://youtu.be/z24Q4hxPVDU
ben,mat,6,https://youtu.be/EoAm4GTjfHM
ben,mat,6,https://youtu.be/rA5QeACx-Bs
ben,mat,6,https://youtu.be/MtQYCG7ZKoM
ben,mat,5,https://youtu.be/h1_cwot4mh8
ben,mat,5,https://youtu.be/hT5GnMebrH8
ben,mat,5,https://youtu.be/tJ6BhZFpz4U
ben,mat,4,https://youtu.be/5rvav__7-EU
ben,mat,3,https://youtu.be/LumCQUQx2wc
ben,mat,1,https://youtu.be/q5LISU50jlg
ben,mat,20,https://youtu.be/lSFnaRmFZcI
ben,mat,17,https://youtu.be/bszqpiW7Kio
ben,mat,9,https://youtu.be/aiUBmjhGpDg
ben,mat,1,https://youtu.be/idTYol4aIuY
ben,mat,2,https://youtu.be/Ipz1wZNvqHU
ben,mat,3,https://youtu.be/lqxBVDQFeyg
ben,mat,4,https://youtu.be/nnKF2RtG3p8
ben,mat,5,https://youtu.be/aZcBQkAWUPc
ben,mat,6,https://youtu.be/wE_ARMGZx08
ben,mat,7,https://youtu.be/wbSgLhG7n1g
ben,mat,8,https://youtu.be/5yYvBn-WOWY
ben,mat,9,https://youtu.be/kCFuf9tAKZQ
ben,mat,10,https://youtu.be/t-Jc6T-Y9vE
ben,mat,11,https://youtu.be/uuqxKsZVax4
ben,mat,12,https://youtu.be/lvdDreXCQhY
ben,mat,13,https://youtu.be/3k7m9tjCuQw
ben,mat,14,https://youtu.be/SsH4hG_RP2k
ben,mat,15,https://youtu.be/KWO9MNg-N_8
ben,mat,16,https://youtu.be/zaGNFoTyBwc
ben,mat,17,https://youtu.be/FyaI8hfPKaI
ben,mat,18,https://youtu.be/a_DE_NSI414
ben,mat,19,https://youtu.be/fu35_CwujUc
ben,mat,20,https://youtu.be/jD5b2MPfBIk
ben,mat,21,https://youtu.be/eUJOQnbyh8k
ben,mat,22,https://youtu.be/F01KmmNrYdc
ben,mat,23,https://youtu.be/mM4KpnFdVpE
ben,mat,24,https://youtu.be/0ia8-XVC1IE
ben,mat,25,https://youtu.be/YdwIkPAYzp8
ben,mat,26,https://youtu.be/imJ6UhrSWWg
ben,mat,26,https://youtu.be/jEWw02aV_50
ben,mat,27,https://youtu.be/R5OSPhBiBWg
ben,mat,27,https://youtu.be/HQGlq3_K_1w
ben,mat,28,https://youtu.be/xs6VVhBPVvA
ben,mrk,1,https://youtu.be/RlSZJt6htPk
ben,mrk,2,https://youtu.be/FRaNTtxl6lw
ben,mrk,3,https://youtu.be/_j2mcLFl2io
ben,mrk,4,https://youtu.be/LlR8ainTsB8
ben,mrk,5,https://youtu.be/rEfvvPIAkvw
ben,mrk,6,https://youtu.be/UjSQB1oCF9Y
ben,mrk,7,https://youtu.be/4QnBnZN6hkM
ben,mrk,8,https://youtu.be/UFDiUGPVsyM
ben,mrk,9,https://youtu.be/-O1E4e-kQfI
ben,mrk,10,https://youtu.be/Ceq-lgOixoU
ben,mrk,11,https://youtu.be/GsMxcTTGG_A
ben,mrk,12,https://youtu.be/K5GgAZna1bk
ben,mrk,13,https://youtu.be/tXVfizgTbQE
ben,mrk,14,https://youtu.be/jFY6092ymyQ
ben,mrk,14,https://youtu.be/7Vambanpvdc
ben,mrk,15,https://youtu.be/PdJJcPZkG4U
ben,mrk,16,https://youtu.be/SRn1SwB_R0s
ben,luk,1,https://youtu.be/jyjCVZLSeaM
ben,luk,1,https://youtu.be/8k7KRfRi2NY
ben,luk,2,https://youtu.be/Du2iOl94Xbg
ben,luk,3,https://youtu.be/N4xgLlLArkQ
ben,luk,4,https://youtu.be/ZrQgmW4tfxk
ben,luk,5,https://youtu.be/I6KItDNeTlc
ben,luk,7,https://youtu.be/vqT_XVg0TfI
ben,luk,8,https://youtu.be/pdJCa3Zn1Og
ben,luk,8,https://youtu.be/Dopfq4fNdXc
ben,luk,9,https://youtu.be/6eQSI614Moc
ben,luk,9,https://youtu.be/qR-anEoEqrU
ben,luk,10,https://youtu.be/3L0WZ0N9c3w
ben,luk,11,https://youtu.be/UUNB3-HwmO0
ben,luk,12,https://youtu.be/KsNJ5v5pPUs
ben,luk,13,https://youtu.be/n4GxykPSck8
ben,luk,14,https://youtu.be/NG4Uw6vHgOc
ben,luk,15,https://youtu.be/HVC_eIL7VgQ
ben,luk,16,https://youtu.be/vcke4i5aZV8
ben,luk,17,https://youtu.be/5bsw21vepXI
ben,luk,18,https://youtu.be/CpI2ZfAhTjI
ben,luk,19,https://youtu.be/0Vu3UTu-khE
ben,luk,20,https://youtu.be/fIjKDFTUJGo
ben,luk,21,https://youtu.be/77D9C5RaGaE
ben,luk,22,https://youtu.be/GFBsXMUtYyo
ben,luk,22,https://youtu.be/TLMRUgHBOeg
ben,luk,23,https://youtu.be/XBb5SdB0MvE
ben,luk,23,https://youtu.be/oVizo5f_gnM
ben,luk,24,https://youtu.be/lHJsC-3ubyE
ben,luk,6,https://youtu.be/UEbJl3vHep4
ben,jhn,1,https://youtu.be/AHPZG0OIJu4
ben,jhn,2,https://youtu.be/F2aFJ5idHKQ
ben,jhn,3,https://youtu.be/xop4yNrxshw
ben,jhn,4,https://youtu.be/rvFgGsmkqbA
ben,jhn,5,https://youtu.be/FqbXK5Il1HA
ben,jhn,6,https://youtu.be/r4Uxi_v-NCk
ben,jhn,6,https://youtu.be/BJyBsV7Cl5I
ben,jhn,7,https://youtu.be/o0-GZ16501g
ben,jhn,8,https://youtu.be/0uMNJ6P-3Vo
ben,jhn,8,https://youtu.be/JBpOSLd9-7w
ben,jhn,9,https://youtu.be/lgWkKMNSSZQ
ben,jhn,10,https://youtu.be/JsR275OC69Q
ben,jhn,11,https://youtu.be/aYnOF7RW3tg
ben,jhn,12,https://youtu.be/Rmgk7eRf56s
ben,jhn,13,https://youtu.be/kmJzV8VzkN0
ben,jhn,14,https://youtu.be/EZAIJTb0bTU
ben,jhn,15,https://youtu.be/j1EXHPfk0OM
ben,jhn,16,https://youtu.be/Fo9Cd0WSKvA
ben,jhn,17,https://youtu.be/_uo57j0Yhrw
ben,jhn,18,https://youtu.be/gzmMQSXZtD8
ben,jhn,19,https://youtu.be/X9w47afjqf0
ben,jhn,19,https://youtu.be/nFrJVTjkv2g
ben,jhn,20,https://youtu.be/azaMzwU2NtU
ben,jhn,21,https://youtu.be/tx-E1pBTuYE
guj,mat,1,https://youtu.be/3Csueg58BNY
guj,mat,2,https://youtu.be/Sr4mspCI3Xo
guj,mat,3,https://youtu.be/3sJI_cce0mY
guj,mat,4,https://youtu.be/1vREDjeEE-w
guj,mat,5,https://youtu.be/37XYfKcVsEc
guj,mat,6,https://youtu.be/5J4eAHFXPIo
guj,mat,7,https://youtu.be/gO1xtclzTHw
guj,mat,8,https://youtu.be/sETHCq3fB3k
guj,mat,9,https://youtu.be/sX9zzD4YRTQ
guj,mat,10,https://youtu.be/4BzXt-Mfv2Q
guj,mat,11,https://youtu.be/65zKPzfPZL0
guj,mat,12,https://youtu.be/DRbjVxEB668
guj,mat,13,https://youtu.be/p8sriOFluQw
guj,mat,14,https://youtu.be/ak7ZrtbM8Zg
guj,mat,15,https://youtu.be/iksrj5WLpGc
guj,mat,16,https://youtu.be/Eg5bV0BcjtY
guj,mat,17,https://youtu.be/-q8mY5JPZnM
guj,mat,18,https://youtu.be/Y1CazETUJ5Q
guj,mat,19,https://youtu.be/vKVa1pb5Zco
guj,mat,20,https://youtu.be/UrFvBr1qewE
guj,mat,21,https://youtu.be/dmFhCWuqnf8
guj,mat,22,https://youtu.be/BxieqJP20vo
guj,mat,23,https://youtu.be/2LGskyVQ05M
guj,mat,24,https://youtu.be/F51ECnGwVJM
guj,mat,25,https://youtu.be/ZwzbDOttiH8
guj,mat,26,https://youtu.be/JHGn_LcPEBo
guj,mat,26,https://youtu.be/9EXqw2N_k5s
guj,mat,27,https://youtu.be/fVzcSlAXpvE
guj,mat,27,https://youtu.be/MYedkSFsq18
guj,mat,28,https://youtu.be/8FSlOKK_QgU
guj,mrk,1,https://youtu.be/irZKpTXPiXw
guj,mrk,2,https://youtu.be/YnXv68yLobw
guj,mrk,3,https://youtu.be/mx87MrHIfr0
guj,mrk,14,https://youtu.be/AQvlmD7lzEM
guj,mrk,16,https://youtu.be/-02-2xqGfI0
guj,mrk,15,https://youtu.be/kIAnCXJ6okI
guj,mrk,14,https://youtu.be/zT5dVWxAAj8
guj,mrk,14,https://youtu.be/CVtExhDT134
guj,mrk,13,https://youtu.be/NwMmYCEb_aU
guj,mrk,12,https://youtu.be/2-mxOc1Y0Ow
guj,mrk,11,https://youtu.be/r61qhT7GdN8
guj,mrk,10,https://youtu.be/zGjBXYYwHCY
guj,mrk,9,https://youtu.be/b1qCewhDD9E
guj,mrk,8,https://youtu.be/AnNXTces5BA
guj,mrk,7,https://youtu.be/DMqjV0jM8X8
guj,mrk,6,https://youtu.be/ejQOcROx3ms
guj,mrk,5,https://youtu.be/lPTXtAQ2ps0
guj,luk,1,https://youtu.be/_mAJHkFhLeM
guj,luk,1,https://youtu.be/FZtd43I_9lk
guj,luk,2,https://youtu.be/Y9eU7mktpLM
guj,luk,3,https://youtu.be/Mrg4Qfqm93M
guj,luk,4,https://youtu.be/U0Mml2EeZcU
guj,luk,5,https://youtu.be/IwMhol9R2qg
guj,luk,6,https://youtu.be/pKpsjzeGwWg
guj,luk,7,https://youtu.be/g9LRBmPhQJ8
guj,luk,8,https://youtu.be/W80WzSsqpAo
guj,luk,8,https://youtu.be/LoU6bx2gcj4
guj,luk,9,https://youtu.be/WeP_BMmiVJA
guj,luk,9,https://youtu.be/CRP57octuNA
guj,luk,10,https://youtu.be/V4zvfIdb508
guj,luk,11,https://youtu.be/kfCQewt82gI
guj,luk,12,https://youtu.be/KJGrk8VXb8c
guj,luk,13,https://youtu.be/0xl83p-Fm-o
guj,luk,14,https://youtu.be/5JaOC5u2STw
guj,luk,15,https://youtu.be/BiSiPnW0NN8
guj,luk,16,https://youtu.be/umOUS1T5CxU
guj,luk,17,https://youtu.be/0Uyfijoq3KI
guj,luk,18,https://youtu.be/EFfQOn3x4Ms
guj,luk,19,https://youtu.be/Q6vDRvp6w8o
guj,luk,20,https://youtu.be/Bia2JGiAWQo
guj,luk,21,https://youtu.be/QRuI4QPihHg
guj,luk,22,https://youtu.be/1jY98Vuh-_s
guj,luk,22,https://youtu.be/_nONMt4j3Ow
guj,luk,23,https://youtu.be/S1U_SHrjKWs
guj,luk,23,https://youtu.be/qdSIGAt-9cY
guj,luk,24,https://youtu.be/C2AGQTLZl9I
guj,jhn,1,https://youtu.be/ap3CaYkHMW4
guj,jhn,2,https://youtu.be/a8jGCpim04U
guj,jhn,3,https://youtu.be/Vh3NnDBt2Bc
guj,jhn,4,https://youtu.be/Tq6DIPpXWO8
guj,jhn,5,https://youtu.be/j3LHDWidry8
guj,jhn,6,https://youtu.be/NGEwv5rMrCc
guj,jhn,6,https://youtu.be/GlWBvNUXhWo
guj,jhn,7,https://youtu.be/ArW-PrOkWEw
guj,jhn,8,https://youtu.be/YXj0FQOD6Wg
guj,jhn,8,https://youtu.be/d5w-3JatckM
guj,jhn,9,https://youtu.be/bBqstHIS7ic
guj,jhn,10,https://youtu.be/XFdYxlOnu8s
guj,jhn,11,https://youtu.be/14-2Y_SuATc
guj,jhn,12,https://youtu.be/bNrtJuA7Gfk
guj,jhn,13,https://youtu.be/GRIERqRAMJU
guj,jhn,14,https://youtu.be/PhPYsmauAVc
guj,jhn,15,https://youtu.be/0nMEq_WKSRw
guj,jhn,16,https://youtu.be/QiDQrE-2bXg
guj,jhn,17,https://youtu.be/ILxKvI3unrw
guj,jhn,18,https://youtu.be/N63j4ceexqE
guj,jhn,19,https://youtu.be/5Anch98F62I
guj,jhn,19,https://youtu.be/AprTaWpUssM
guj,jhn,20,https://youtu.be/0VjOhLTurkI
guj,jhn,21,https://youtu.be/_OjBYj6Umlg
guj,luk,18,https://youtu.be/zO8jKr46hD8
guj,luk,16,https://youtu.be/al9faGE7Ihw
guj,luk,15,https://youtu.be/DXjeMNPATlk
guj,luk,15,https://youtu.be/4zprVkCHfRs
guj,luk,12,https://youtu.be/dA7zmG3KGPM
guj,luk,11,https://youtu.be/P1ON6e-kluE
guj,luk,10,https://youtu.be/_aeiEykUTDs
guj,luk,7,https://youtu.be/o2x_Iu5axgg
guj,luk,6,https://youtu.be/K5iLuCFv2JM
guj,luk,12,https://youtu.be/UF8fV5bcvgo
guj,luk,6,https://youtu.be/MWhqUpHmExU
guj,luk,2,https://youtu.be/3ALh-0EBL-U
guj,luk,2,https://youtu.be/jqWkppj_0vY
guj,luk,1,https://youtu.be/XrYLjGxG6Z8
guj,luk,1,https://youtu.be/KjfiZCsqViY
guj,luk,17,https://youtu.be/0jPgnYo3U4c
guj,luk,7,https://youtu.be/2U0M5IknQtY
guj,luk,5,https://youtu.be/bNWCRcGfqjE
guj,luk,13,https://youtu.be/rkI4osjSyI0
guj,luk,2,https://youtu.be/pzanoyAcRd0
guj,jhn,2,https://youtu.be/n8i3UOcfQEU
guj,jhn,4,https://youtu.be/vGFciEiF36k
guj,jhn,5,https://youtu.be/-JjbVCyu0Pc
guj,jhn,9,https://youtu.be/RhB4nSHdg8A
guj,jhn,11,https://youtu.be/o5krbAIWU34
guj,jhn,21,https://youtu.be/IHo6sA0EYMk
guj,jhn,6,https://youtu.be/5tpVxWhrCI4
guj,jhn,8,https://youtu.be/aKl6fsiP-dE
guj,jhn,10,https://youtu.be/KvAK_0bgWkQ
guj,jhn,13,https://youtu.be/Bn2gwp19e4g
guj,jhn,15,https://youtu.be/59crySUPM4A
guj,jhn,16,https://youtu.be/DPP4BjRlQ7w
kan,mat,1,https://youtu.be/qRREX6GLxnI
kan,mat,1,https://youtu.be/PnVheQdvgnY
kan,mat,3,https://youtu.be/0qLduNfkALc
kan,mat,4,https://youtu.be/_mYTdB3AOZk
kan,mat,5,https://youtu.be/xFMcCK1GrKQ
kan,mat,6,https://youtu.be/bSgBVdeV7QY
kan,mat,7,https://youtu.be/6q_34qrOrwc
kan,mat,8,https://youtu.be/ZylXb2EBBIo
kan,mat,9,https://youtu.be/TTUT42LJoh8
kan,mat,10,https://youtu.be/Ccwg49FBHbE
kan,mat,11,https://youtu.be/CF4EPDXCZt0
kan,mat,12,https://youtu.be/MyEweYu75H4
kan,mat,13,https://youtu.be/MTsG7hSR3ec
kan,mat,14,https://youtu.be/rcgiNgsf3Yg
kan,mat,15,https://youtu.be/hPHcgW1rGUU
kan,mat,16,https://youtu.be/ji2LdE_aSVM
kan,mat,17,https://youtu.be/1rF9WYGmopM
kan,mat,18,https://youtu.be/e5jreSgllqk
kan,mat,19,https://youtu.be/wIXigGm2wSY
kan,mat,20,https://youtu.be/sdfnUf1VeuY
kan,mat,21,https://youtu.be/enHMWDA1fio
kan,mat,22,https://youtu.be/p2TeWShXMNA
kan,mat,23,https://youtu.be/6cCtziMc5V8
kan,mat,24,https://youtu.be/GJODJHvAOrk
kan,mat,25,https://youtu.be/BDwFDqSMQkU
kan,mat,26,https://youtu.be/tG2i8JuSo7Y
kan,mat,26,https://youtu.be/evApghDUEy8
kan,mat,27,https://youtu.be/fWZwkpixg5s
kan,mat,27,https://youtu.be/0E-ktZpocJs
kan,mat,28,https://youtu.be/FuHa2Pg5RWs
kan,mrk,1,https://youtu.be/Wz9OWvtKNxo
kan,mrk,2,https://youtu.be/pDlLoK9zupA
kan,mrk,3,https://youtu.be/gDW6Sb_AV1I
kan,mrk,4,https://youtu.be/hz6_Wryh-lk
kan,mrk,5,https://youtu.be/lilt756AbmA
kan,mrk,6,https://youtu.be/eCsTHHmGwoo
kan,mrk,7,https://youtu.be/mKxlhXs6_cQ
kan,mrk,8,https://youtu.be/YL-5K3qlSoA
kan,mrk,9,https://youtu.be/whPvku-El1s
kan,mrk,10,https://youtu.be/8bI5CGwUTVk
kan,mrk,11,https://youtu.be/D1SWS4EnsU0
kan,mrk,12,https://youtu.be/F5PwxGZ6RSM
kan,mrk,13,https://youtu.be/gdKvFr2meVo
kan,mrk,14,https://youtu.be/6hrUFcXFKQQ
kan,mrk,14,https://youtu.be/WayMcc4KX8A
kan,mrk,15,https://youtu.be/1UHjXgxuDY0
kan,mrk,16,https://youtu.be/oE4jM16GYeU
kan,luk,1,https://youtu.be/A0t7EBn3ojk
kan,luk,1,https://youtu.be/j753uWHtI1E
kan,luk,2,https://youtu.be/vjraihk0xQA
kan,luk,3,https://youtu.be/Yfi2i6LQwCc
kan,luk,4,https://youtu.be/Zi2N5si5iE8
kan,luk,5,https://youtu.be/VPl2kZY9Zrk
kan,luk,6,https://youtu.be/zj1m4AUogcs
kan,luk,7,https://youtu.be/PEPpr6hqXhI
kan,luk,8,https://youtu.be/PritdsquLT0
kan,luk,8,https://youtu.be/KGZ_qVLDw40
kan,luk,9,https://youtu.be/kcUfjO5Ip8I
kan,luk,9,https://youtu.be/DhyosFC7EGg
kan,luk,10,https://youtu.be/U0maZY4QY48
kan,luk,11,https://youtu.be/JtKDPEHFV1w
kan,luk,12,https://youtu.be/K-C5dMnEc6s
kan,luk,13,https://youtu.be/RVKG_rhUQe8
kan,luk,14,https://youtu.be/djjON1MIzw4
kan,luk,15,https://youtu.be/gPb1JCOj8To
kan,luk,16,https://youtu.be/x-2NhcW3KLU
kan,luk,17,https://youtu.be/YEsVtp-pQnY
kan,luk,18,https://youtu.be/_YJMxDsJqVY
kan,luk,19,https://youtu.be/HbvYpI7U3Ps
kan,luk,20,https://youtu.be/mdmwXht78Xc
kan,luk,21,https://youtu.be/LFWMpTeBUbo
kan,luk,22,https://youtu.be/J4kCisGNgfE
kan,luk,22,https://youtu.be/cC5iTetFw00
kan,luk,23,https://youtu.be/beN9PpIg3co
kan,luk,23,https://youtu.be/w_AgZPWRe94
kan,luk,24,https://youtu.be/ZYchzc8QMjc
kan,jhn,1,https://youtu.be/KTCEKUgmYng
kan,jhn,2,https://youtu.be/jJzmhQh20zY
kan,jhn,3,https://youtu.be/ooM1539NTqE
kan,jhn,4,https://youtu.be/J4hu5QdMA1o
kan,jhn,5,https://youtu.be/1hWIMC-jEbM
kan,jhn,6,https://youtu.be/5bYz0VplmLo
kan,jhn,6,https://youtu.be/fg1C_0NFb48
kan,jhn,7,https://youtu.be/FMgNv1j8E_M
kan,jhn,8,https://youtu.be/MdquodQNR0A
kan,jhn,8,https://youtu.be/zIcvy5wC6vA
kan,jhn,9,https://youtu.be/m8FvWIJXWLg
kan,jhn,10,https://youtu.be/eZ-HSBTDmq0
kan,jhn,11,https://youtu.be/AU4gB7yCKtE
kan,jhn,12,https://youtu.be/5_jsh8NXqe4
kan,jhn,13,https://youtu.be/aFZl12SDlOU
kan,jhn,14,https://youtu.be/EfFQn0PHfOo
kan,jhn,15,https://youtu.be/k1eG0hcryIY
kan,jhn,16,https://youtu.be/CFZeSNs2DGM
kan,jhn,17,https://youtu.be/B2T_w1fK96s
kan,jhn,18,https://youtu.be/f7E72NnBTu0
kan,jhn,19,https://youtu.be/MUZT6fl3TOk
kan,jhn,19,https://youtu.be/Ub9Bn5T7Jas
kan,jhn,20,https://youtu.be/Py5xojCPR8Q
kan,jhn,21,https://youtu.be/F2Gv1jhHGuk
kan,luk,5,https://youtu.be/WtC-6Q48Iyw
kan,luk,7,https://youtu.be/rkP9RxWOcfM
kan,luk,13,https://youtu.be/DyF6y21eZ1c
kan,luk,17,https://youtu.be/BrxVLCANang
kan,luk,1,https://youtu.be/Za8CPw6uAeU
kan,luk,1,https://youtu.be/62OHqB093U4
kan,luk,2,https://youtu.be/FjUHGMzevjQ
kan,luk,2,https://youtu.be/dYR4wwXZ0V8
kan,luk,2,https://youtu.be/WfaBIbYCtaM
kan,luk,6,https://youtu.be/LhNM7YGkDls
kan,luk,12,https://youtu.be/iClki6aaa8w
kan,luk,6,https://youtu.be/1Hez58MRzU8
kan,luk,7,https://youtu.be/cz4uvrDTuD8
kan,luk,10,https://youtu.be/QX3raaWz2x4
kan,luk,11,https://youtu.be/NjMPYadzO5I
kan,luk,12,https://youtu.be/hUjHJmbS38A
kan,luk,15,https://youtu.be/MnIrhQArQXM
kan,luk,15,https://youtu.be/k_gRtXe3t2w
kan,luk,16,https://youtu.be/4AkYoEgCJ_c
kan,luk,18,https://youtu.be/6ALy6n1ySAY
kan,jhn,2,https://youtu.be/AMg2qcJPMao
kan,jhn,4,https://youtu.be/Of6nusIcvGo
kan,jhn,5,https://youtu.be/BDPgPfR2yzs
kan,jhn,9,https://youtu.be/IeDYH3UpxQ4
kan,jhn,11,https://youtu.be/CUL14pE3rSs
kan,jhn,21,https://youtu.be/32aqJ3L6GYY
kan,jhn,6,https://youtu.be/F9p1AF2IiDg
kan,jhn,8,https://youtu.be/yHZ78F83OU8
kan,jhn,10,https://youtu.be/i7pGveQV3xI
kan,jhn,13,https://youtu.be/G0aYUIXKuIA
kan,jhn,15,https://youtu.be/pziQt3EZ-pw
kan,jhn,16,https://youtu.be/dndShFlGzZw
kan,jhn,17,https://youtu.be/lo2MjJvZB3g
mar,mat,1,https://youtu.be/6ZMl0nSULFo
mar,mat,2,https://youtu.be/sE1u2WThTr8
mar,mat,3,https://youtu.be/BPsW8wS14bA
mar,mat,4,https://youtu.be/Lg_lHGR9pgY
mar,mat,5,https://youtu.be/GyU8JD0EX2k
mar,mat,6,https://youtu.be/0BiruXhJMws
mar,mat,7,https://youtu.be/xQK-0_J2GlU
mar,mat,8,https://youtu.be/0dfmX9ydJG4
mar,mat,9,https://youtu.be/FRXB8KRaJFo
mar,mat,10,https://youtu.be/zrf7_SfWYiM
mar,mat,11,https://youtu.be/VU4PncaKKUM
mar,mat,12,https://youtu.be/mZb4b01ItSY
mar,mat,13,https://youtu.be/TIcFxI5s6lo
mar,mat,14,https://youtu.be/DqOVVPA-q0A
mar,mat,15,https://youtu.be/SxHFNylsFTw
mar,mat,16,https://youtu.be/ijOc0_dbQsc
mar,mat,17,https://youtu.be/Ydm2cxZmPac
mar,mat,18,https://youtu.be/lk0pL-3XLPY
mar,mat,19,https://youtu.be/SUPwR0LlQoE
mar,mat,20,https://youtu.be/LRiwgoVIXvo
mar,mat,21,https://youtu.be/REwYmSnREeg
mar,mat,22,https://youtu.be/axkhGZg_cCw
mar,mat,23,https://youtu.be/TF5dL2VTEdU
mar,mat,24,https://youtu.be/NKIJpiwKAoo
mar,mat,25,https://youtu.be/73-Kn-FgICI
mar,mat,26,https://youtu.be/d5BXikaOSlw
mar,mat,26,https://youtu.be/xyBtqcZuKv0
mar,mat,27,https://youtu.be/YupHN9RhrSc
mar,mat,27,https://youtu.be/rgleV49fQWY
mar,mat,28,https://youtu.be/lnxUHMRWS78
mar,mrk,1,https://youtu.be/4U0aplbMAtU
mar,mrk,2,https://youtu.be/U7OYjZnI4kQ
mar,mrk,3,https://youtu.be/Rm4MWdgY6IM
mar,mrk,4,https://youtu.be/-dGbVo_LH9A
mar,mrk,5,https://youtu.be/lT6_WM0JAuE
mar,mrk,6,https://youtu.be/GugilYswKSs
mar,mrk,7,https://youtu.be/UWciR2dnJ64
mar,mrk,8,https://youtu.be/EnUwQDupB6c
mar,mrk,9,https://youtu.be/PV09ajQ3XFY
mar,mrk,10,https://youtu.be/bAf7x6rFJ6Q
mar,mrk,11,https://youtu.be/HRmEPDKlOqM
mar,mrk,12,https://youtu.be/kixI_xCdRAU
mar,mrk,13,https://youtu.be/6gUgluwj_TA
mar,mrk,14,https://youtu.be/Q-gbjOfO3CQ
mar,mrk,14,https://youtu.be/DzM7hzYvSyE
mar,mrk,15,https://youtu.be/YMEkfseueKE
mar,mrk,16,https://youtu.be/UglNdv7RTf4
mar,luk,1,https://youtu.be/ABp3EM_MQaA
mar,luk,1,https://youtu.be/L_T_osCCg9E
mar,luk,2,https://youtu.be/FMlHU9CMmjQ
mar,luk,3,https://youtu.be/744lwpYUlkM
mar,luk,4,https://youtu.be/NQEdP7-XYfc
mar,luk,5,https://youtu.be/1yCz71uaMWE
mar,luk,6,https://youtu.be/N6obzssamE4
mar,luk,7,https://youtu.be/vVHXrNd3HaE
mar,luk,8,https://youtu.be/Fqds3eC2Z0E
mar,luk,8,https://youtu.be/4GeEyNePfaQ
mar,luk,9,https://youtu.be/H1LONthqqTg
mar,luk,9,https://youtu.be/cYb57hyxKmU
mar,luk,10,https://youtu.be/7M4KpRaFnzQ
mar,luk,11,https://youtu.be/rDTnyBivRII
mar,luk,12,https://youtu.be/GITlQSLQM14
mar,luk,13,https://youtu.be/1971s8ZYHHY
mar,luk,14,https://youtu.be/I8YGkzcO_uE
mar,luk,15,https://youtu.be/eH6xGWZwh3g
mar,luk,16,https://youtu.be/k7iLGwBWRmU
mar,luk,17,https://youtu.be/9JAgDfHPivw
mar,luk,18,https://youtu.be/zQntBXK527U
mar,luk,19,https://youtu.be/uCD6quZanYs
mar,luk,20,https://youtu.be/_B6QJV-gTHg
mar,luk,21,https://youtu.be/MWr48HF6JEY
mar,luk,22,https://youtu.be/kXnpwnaulgg
mar,luk,22,https://youtu.be/ckYANwoO94A
mar,luk,23,https://youtu.be/I9d72ujGJrE
mar,luk,23,https://youtu.be/baDV0S2QMK4
mar,luk,24,https://youtu.be/sjIRysfBdjM
mar,jhn,1,https://youtu.be/6FmeXPP_aSg
mar,jhn,2,https://youtu.be/fWbUOwwUcIM
mar,jhn,3,https://youtu.be/PKjpVEjQCiE
mar,jhn,4,https://youtu.be/tu3uteBk9bc
mar,jhn,5,https://youtu.be/gFr3Tv-Rw8s
mar,jhn,6,https://youtu.be/c-uh7hNg_vY
mar,jhn,6,https://youtu.be/6yCSLg7PleE
mar,jhn,7,https://youtu.be/s5gocIESAi0
mar,jhn,8,https://youtu.be/A8kiJRlcWt0
mar,jhn,8,https://youtu.be/celmqrPhGgY
mar,jhn,9,https://youtu.be/M9rMJGcVQus
mar,jhn,10,https://youtu.be/ZS_RB7Xq4iE
mar,jhn,11,https://youtu.be/F3MdKD2H6vk
mar,jhn,12,https://youtu.be/ElSHaLIQKHc
mar,jhn,13,https://youtu.be/FXAHFYaIdz4
mar,jhn,14,https://youtu.be/vnqWSJZp8GQ
mar,jhn,15,https://youtu.be/Y0CqKDieS9U
mar,jhn,16,https://youtu.be/qZMRoimuV0s
mar,jhn,17,https://youtu.be/4i5iBT7T6Vs
mar,jhn,18,https://youtu.be/N4dBgNj26LQ
mar,jhn,19,https://youtu.be/frBc8rLeD-4
mar,jhn,19,https://youtu.be/wxPNbk3LCXM
mar,jhn,20,https://youtu.be/n4BU9o9MZlo
mar,jhn,21,https://youtu.be/NjN-7kIy9U4
mar,luk,5,https://youtu.be/38YHwtrc2rM
mar,luk,7,https://youtu.be/zHjG5zpLdTo
mar,luk,13,https://youtu.be/RhHvhzny5-c
mar,luk,17,https://youtu.be/WGac1iJbQeo
mar,luk,1,https://youtu.be/GMBOW3z7xuw
mar,luk,1,https://youtu.be/SBya4fNbO0Y
mar,luk,2,https://youtu.be/oKP4BeSipD8
mar,luk,2,https://youtu.be/glFqiIDZIIc
mar,luk,2,https://youtu.be/rTfHmBK1MTw
mar,luk,6,https://youtu.be/33R_Y8dfHhc
mar,luk,12,https://youtu.be/ZGfSTBMRAgY
mar,luk,6,https://youtu.be/f8XtOQUu3-4
mar,luk,7,https://youtu.be/66lZS_9MUKw
mar,luk,10,https://youtu.be/Agr_wSGKTK0
mar,luk,11,https://youtu.be/WmtV4zVUEJE
mar,luk,12,https://youtu.be/pdE8U98Yf0o
mar,luk,15,https://youtu.be/Mk4lLkznv7k
mar,luk,15,https://youtu.be/ljM2kY1M1fI
mar,luk,16,https://youtu.be/apQ6Z_ucvpY
mar,luk,18,https://youtu.be/dxT_fQmziqM
mar,jhn,2,https://youtu.be/rvGZXZzUrVg
mar,jhn,4,https://youtu.be/7fT5AlbtuV4
mar,jhn,5,https://youtu.be/_5sEIM-M2ZI
mar,jhn,9,https://youtu.be/25d5wuC4_-A
mar,jhn,11,https://youtu.be/1qHCiu1NbJg
mar,jhn,21,https://youtu.be/4E67qTjI59I
mar,jhn,6,https://youtu.be/kosVqMlIVv4
mar,jhn,8,https://youtu.be/mrJnAP4SOuA
mar,jhn,10,https://youtu.be/Ax5N-XGqMfg
mar,jhn,13,https://youtu.be/c0srZsauNlE
mar,jhn,15,https://youtu.be/fqiuLcl9VW8
mar,jhn,16,https://youtu.be/g9NUFOoidAo
mar,jhn,17,https://youtu.be/0qaNaQGE3J4
nep,mat,1,https://youtu.be/FgVlY2CVnWY
nep,mat,15,https://youtu.be/503b9EN7Nmo
nep,mat,14,https://youtu.be/hMeBHuRYWcw
nep,mat,13,https://youtu.be/N44x2UsxAfg
nep,mat,12,https://youtu.be/wUzk8s9zp7I
nep,mat,11,https://youtu.be/e2RX45rZWZc
nep,mat,10,https://youtu.be/jGPZpsjY4pg
nep,mat,9,https://youtu.be/Z4Qrlh719eY
nep,mat,8,https://youtu.be/UTxyG7OdVF4
nep,mat,7,https://youtu.be/cRruPBtWS-g
nep,mat,6,https://youtu.be/uo6Lj4KgBag
nep,mat,5,https://youtu.be/l0mD5gLNcoY
nep,mat,4,https://youtu.be/R7CTS2UmolI
nep,mat,3,https://youtu.be/ggEjmEUdRzg
nep,mat,2,https://youtu.be/7LAJA3h7MLI
nep,mat,16,https://youtu.be/hZLijb5PxLc
nep,mat,17,https://youtu.be/ky-plh-H7ks
nep,mat,18,https://youtu.be/HDgIf5GW0RA
nep,mat,19,https://youtu.be/_XT8brQwH7M
nep,mat,20,https://youtu.be/ayZI5Z96Wbw
nep,mat,21,https://youtu.be/pSDORPQIUeE
nep,mat,22,https://youtu.be/TOlVoxhMsg4
nep,mat,23,https://youtu.be/ud8vVEMRUrw
nep,mat,24,https://youtu.be/fvk-BPyM8ns
nep,mat,25,https://youtu.be/8MBlr5F3p38
nep,mat,26,https://youtu.be/Mqiu4aoyRh4
nep,mat,26,https://youtu.be/BM7IFGz1mB0
nep,mat,27,https://youtu.be/2CpAIvkstzg
nep,mat,27,https://youtu.be/CcI-MD0vPsM
nep,mat,28,https://youtu.be/OzLUrnAbpUQ
nep,mrk,1,https://youtu.be/FYjBTSyMANA
nep,mrk,2,https://youtu.be/nbIaRiaCAi4
nep,mrk,3,https://youtu.be/9U-4KGSXm5s
nep,mrk,4,https://youtu.be/iFparLR6YTw
nep,mrk,5,https://youtu.be/m2HMXdwsj60
nep,mrk,6,https://youtu.be/p7YCE8EZta8
nep,mrk,7,https://youtu.be/SoIT26ezNa8
nep,mrk,8,https://youtu.be/23obg7R_E4Q
nep,mrk,9,https://youtu.be/mRvr46HX058
nep,mrk,10,https://youtu.be/AzYXEYF_RXk
nep,mrk,11,https://youtu.be/PiH7GYqu3Pg
nep,mrk,12,https://youtu.be/V3xLGs3p93o
nep,mrk,13,https://youtu.be/3YoAyqEgQL0
nep,mrk,14,https://youtu.be/VYTrUfUJEK4
nep,mrk,14,https://youtu.be/Y1q85pdpOBs
nep,mrk,15,https://youtu.be/o8QuWSHh3IA
nep,mrk,16,https://youtu.be/CcQVECvV6yk
nep,luk,1,https://youtu.be/qb0s8sGfpqE
nep,luk,1,https://youtu.be/pNGnnlE-ku4
nep,luk,2,https://youtu.be/K4YX43kzpnc
nep,luk,3,https://youtu.be/mCY-4cFwRio
nep,luk,4,https://youtu.be/EchJFHTjCds
nep,luk,5,https://youtu.be/-t42bO2zX3Y
nep,luk,6,https://youtu.be/Cjd2yWRPcIU
nep,luk,7,https://youtu.be/S8Ky5O9p5e4
nep,luk,8,https://youtu.be/g4AEzUaBjZQ
nep,luk,8,https://youtu.be/IKsCjKRnSlU
nep,luk,9,https://youtu.be/rpHGLpUxftA
nep,luk,9,https://youtu.be/KCNFZ1yxWlI
nep,luk,10,https://youtu.be/aIPKq48QHbw
nep,luk,11,https://youtu.be/rkCHsQ7KeMM
nep,luk,12,https://youtu.be/JuShkjHtD-M
nep,luk,13,https://youtu.be/DNKqpc56rKA
nep,luk,14,https://youtu.be/1cw14kWqu4Y
nep,luk,15,https://youtu.be/PjD-TTdiuRc
nep,luk,16,https://youtu.be/tLggmucF2gQ
nep,luk,17,https://youtu.be/FVOZzXOdLns
nep,luk,18,https://youtu.be/t9C3bVCFVzI
nep,luk,19,https://youtu.be/9Ri-gYRobBE
nep,luk,20,https://youtu.be/-5MoTtXIFME
nep,luk,21,https://youtu.be/O0XCcya8y3I
nep,luk,22,https://youtu.be/GDcWDGzfIXo
nep,luk,22,https://youtu.be/ti32i1KeLv0
nep,luk,23,https://youtu.be/dpKJldQiBV8
nep,luk,23,https://youtu.be/yzabEyPbcp0
nep,luk,24,https://youtu.be/hAUsTjqnhV0
nep,jhn,1,https://youtu.be/H-CGdUWujCI
nep,jhn,2,https://youtu.be/eLCXdMXdHV8
nep,jhn,3,https://youtu.be/XOp0LpzT7rI
nep,jhn,4,https://youtu.be/j9MW4lnG9vE
nep,jhn,5,https://youtu.be/E6A0z1O_A1I
nep,jhn,6,https://youtu.be/OV3q5wCMJrI
nep,jhn,6,https://youtu.be/KZ00J1_BsJw
nep,jhn,7,https://youtu.be/VqjrMVcerHo
nep,jhn,8,https://youtu.be/eVYNgF73vWs
nep,jhn,8,https://youtu.be/2mD7SBalyPE
nep,jhn,9,https://youtu.be/gw6iHoKyGas
nep,jhn,10,https://youtu.be/Q8Q7_fEGuTk
nep,jhn,11,https://youtu.be/CdTFXtlwVME
nep,jhn,12,https://youtu.be/sQggASaYIOY
nep,jhn,13,https://youtu.be/ABDzp30s2b8
nep,jhn,14,https://youtu.be/h0iJYe5Sv_U
nep,jhn,15,https://youtu.be/ZQ0TSXBSgb8
nep,jhn,16,https://youtu.be/tZUZuiLXy_Y
nep,jhn,17,https://youtu.be/81huGdAPvrE
nep,jhn,18,https://youtu.be/a7dPNstZGH8
nep,jhn,19,https://youtu.be/fddYGX3KBTQ
nep,jhn,19,https://youtu.be/1_KV2cZSydQ
nep,jhn,20,https://youtu.be/Z6phluDCSaM
nep,jhn,21,https://youtu.be/aKziv4ZVf5Q
nep,luk,5,https://youtu.be/Ol2W5tgVmiI
nep,luk,7,https://youtu.be/a5JX5BoWexA
nep,luk,13,https://youtu.be/2IQWS1S5stw
nep,luk,17,https://youtu.be/_qa8ZjTdTus
nep,luk,1,https://youtu.be/Yo9ahAapYnw
nep,luk,1,https://youtu.be/d82LRurTZqc
nep,luk,2,https://youtu.be/jime79g22S4
nep,luk,2,https://youtu.be/53j0W20L5lE
nep,luk,2,https://youtu.be/NB85VVT5tho
nep,luk,6,https://youtu.be/XTnrOa_JBdM
nep,luk,12,https://youtu.be/2jKQeXW4Yvk
nep,luk,6,https://youtu.be/nNs1wBBU0wk
nep,luk,7,https://youtu.be/brXn5lKbqzA
nep,luk,10,https://youtu.be/4py9tvML8Xg
nep,luk,11,https://youtu.be/0hccCAifCTs
nep,luk,12,https://youtu.be/D3G7TbGXiWU
nep,luk,15,https://youtu.be/XtqvOumuYGM
nep,luk,15,https://youtu.be/EcJnV_KqiK4
nep,luk,16,https://youtu.be/6II8ZXCpxKE
nep,luk,18,https://youtu.be/d6EOmiSsygM
nep,jhn,2,https://youtu.be/x89dVt5I-3s
nep,jhn,4,https://youtu.be/5TF8S6-y5ks
nep,jhn,5,https://youtu.be/JQJvfIvJ1Qo
nep,jhn,9,https://youtu.be/NhdCcA_2mcs
nep,jhn,11,https://youtu.be/BUpWMJdy6Wo
nep,jhn,21,https://youtu.be/uyYFv_KznWM
nep,jhn,6,https://youtu.be/dlp8WSqgPfM
nep,jhn,8,https://youtu.be/ZH0Nh3gVeow
nep,jhn,10,https://youtu.be/_FS0KJ9-Qj0
nep,jhn,13,https://youtu.be/BsSHLqmNfYw
nep,jhn,15,https://youtu.be/RMKHbkgqwKw
nep,jhn,16,https://youtu.be/oYKowinhrls
nep,jhn,17,https://youtu.be/TAZonHFVNkg
tam,mrk,1,https://youtu.be/kkZ2XSQuL2o
tam,mrk,1,https://youtu.be/kSpZ_n0mOgk
tam,mrk,2,https://youtu.be/ZY-gRPvmvPM
tam,mrk,3,https://youtu.be/HE1Rhp02QKs
tam,mrk,4,https://youtu.be/ity98ba9z_M
tam,mrk,5,https://youtu.be/dKXE5FmgcC0
tam,mrk,5,https://youtu.be/rJA2AfTzo4c
tam,mrk,6,https://youtu.be/MRGAYZgVpGQ
tam,mrk,6,https://youtu.be/gqbR_381DlY
tam,mrk,7,https://youtu.be/0JwvANGDK5A
tam,mrk,7,https://youtu.be/zEkFBbV42uc
tam,mrk,8,https://youtu.be/Ig4PEPfWrAU
tam,mrk,8,https://youtu.be/bvDmnOYUUtw
tam,mrk,9,https://youtu.be/KLctf1ORoIg
tam,mrk,10,https://youtu.be/NsP0x9rgRFs
tam,mrk,11,https://youtu.be/cWHGTulVVnk
tam,mrk,8,https://youtu.be/AhbifuRjcDE
tam,mrk,9,https://youtu.be/hUp6PWn7VHM
tam,mrk,9,https://youtu.be/c0YQZcb3KsA
tam,mrk,10,https://youtu.be/65WmdFL-V04
tam,mrk,11,https://youtu.be/d-B8xET745U
tam,mrk,12,https://youtu.be/qpv5kcMK0zg
tam,mrk,12,https://youtu.be/ycA0SGjabmM
tam,mrk,14,https://youtu.be/wPDO6oEs288
tam,mrk,14,https://youtu.be/RF0qeofCQRk
tam,mrk,14,https://youtu.be/lhstLQWXHpU
tam,mrk,14,https://youtu.be/eTlm-3crROM
tam,mrk,15,https://youtu.be/GeWzEKi4QuM
tam,mrk,15,https://youtu.be/WTJ4rs-tCGQ
tam,mrk,15,https://youtu.be/LoBkVh4uGu4
tam,mrk,16,https://youtu.be/Sia1kIzt370
tam,mrk,3,https://youtu.be/o0V_jMiJ0oU
tam,mrk,4,https://youtu.be/MSZdatubRHc
tam,mrk,4,https://youtu.be/N51yD_HmIIE
tam,mrk,4,https://youtu.be/frAN7j-BCX4
tam,mrk,4,https://youtu.be/ndoRO0Me4us
tam,mrk,4,https://youtu.be/Uk-Qprjtsgw
tam,mrk,12,https://youtu.be/9w3Q4HiUoAg
tam,jhn,17,https://youtu.be/0dzABRgJnpY
tam,jhn,16,https://youtu.be/DokNrxauR0E
tam,jhn,15,https://youtu.be/3JRw8KKCDS4
tam,jhn,13,https://youtu.be/hgQacr3R460
tam,jhn,10,https://youtu.be/RqUOTRr_aZ4
tam,jhn,8,https://youtu.be/Lv-5os9O86g
tam,jhn,6,https://youtu.be/1184jlp79_U
tam,jhn,21,https://youtu.be/H7vfVeV4e8k
tam,jhn,11,https://youtu.be/Fsdb9sQ8NVQ
tam,jhn,9,https://youtu.be/2ghblokEQGk
tam,jhn,5,https://youtu.be/gxXg_NfHnvg
tam,jhn,4,https://youtu.be/w8hFUB5QUAM
tam,jhn,2,https://youtu.be/wHqb7MoUqlA
tam,luk,18,https://youtu.be/_-eydri3RZY
tam,luk,16,https://youtu.be/wJlPvkVZUW0
tam,luk,15,https://youtu.be/XUoZ1sqdmYo
tam,luk,15,https://youtu.be/a_VnZh0iKRg
tam,luk,12,https://youtu.be/8XFj875DzZE
tam,luk,11,https://youtu.be/Mcf3jyThSKA
tam,luk,10,https://youtu.be/NcOw_wGk3rI
tam,luk,7,https://youtu.be/W9uEze0lhdo
tam,luk,6,https://youtu.be/SIzRA3TJWRo
tam,luk,12,https://youtu.be/PYeUoAknayo
tam,luk,6,https://youtu.be/ltGJlV3NQjM
tam,luk,2,https://youtu.be/KBm0ExNJMSs
tam,luk,2,https://youtu.be/9n5nHUDlxbE
tam,luk,2,https://youtu.be/PFLK6d6fAtE
tam,luk,1,https://youtu.be/2TgO6In-v1U
tam,jhn,1,https://youtu.be/nl-gzjQJja8
tam,luk,17,https://youtu.be/tGSwOyo0t6I
tam,luk,13,https://youtu.be/CZnB22bHR2s
tam,luk,7,https://youtu.be/CrlS-Bj4-2g
tam,luk,5,https://youtu.be/dOw30tDygPc
tam,mat,25,https://youtu.be/m-pwC5MoHP8
tam,mat,25,https://youtu.be/p0T7WFR_HJ0
tam,mat,25,https://youtu.be/SLGZ0dU78kM
tam,mat,24,https://youtu.be/pEZWt-deTCk
tam,mat,22,https://youtu.be/wvC7Dlop850
tam,mat,21,https://youtu.be/ZVP0xtZP-Hs
tam,mat,20,https://youtu.be/BWiwXXPpvdE
tam,mat,18,https://youtu.be/J_47n7qC43E
tam,mat,13,https://youtu.be/5GWHV6jP63M
tam,mat,13,https://youtu.be/EuKM5e6G8TY
tam,mat,13,https://youtu.be/6fY8xuZZZtM
tam,mat,13,https://youtu.be/ft-95zUYIjE
tam,mat,28,https://youtu.be/hPbM6qJhy2A
tam,mat,24,https://youtu.be/f8QDeoycDps
tam,mat,24,https://youtu.be/OBEZJpc8qU8
tam,mat,19,https://youtu.be/d7gP_6L40Mw
tam,mat,7,https://youtu.be/yF2_f1zj3-Q
tam,mat,6,https://youtu.be/0Lrryf3mjvs
tam,mat,6,https://youtu.be/DJmGNK-ADsU
tam,mat,6,https://youtu.be/7XJTuwvIuPY
tam,mat,5,https://youtu.be/2JQfVB8R8dY
tam,mat,5,https://youtu.be/kdDq0-zl9Fc
tam,mat,5,https://youtu.be/rZxiwcnxvSw
tam,mat,4,https://youtu.be/0gZwPyWKdWg
tam,mat,3,https://youtu.be/LeMlA9NVlT8
tam,mat,1,https://youtu.be/ZOqbg1L4QII
tam,mat,20,https://youtu.be/tk69jPvguw8
tam,mat,17,https://youtu.be/iL_zW7C-gR4
tam,mat,9,https://youtu.be/_DbnsqNfLfM
tam,mat,1,https://youtu.be/VTWR_FRlEp0
tam,mat,28,https://youtu.be/nnWWoteRS50
tam,mat,27,https://youtu.be/OnAq6ha4BUM
tam,mat,27,https://youtu.be/6zTjoeRMoJ0
tam,mat,26,https://youtu.be/fs2jitodS00
tam,mat,26,https://youtu.be/x3Uo5XLCQMA
tam,mat,25,https://youtu.be/9zaxqnVNU8c
tam,mat,24,https://youtu.be/gFe3hAZ6V0w
tam,mat,23,https://youtu.be/AjJkl42uPaU
tam,mat,22,https://youtu.be/ard578FcLCY
tam,mat,21,https://youtu.be/r4NVnO6dqfw
tam,mat,20,https://youtu.be/_ity2AxWI9g
tam,mat,19,https://youtu.be/2FhVAvCyonA
tam,mat,18,https://youtu.be/lmFqjNV2dgE
tam,mat,17,https://youtu.be/DqE0fh6eecE
tam,mat,16,https://youtu.be/rJtJDX3EBrc
tam,mat,15,https://youtu.be/6IOUrtpGk5c
tam,mat,14,https://youtu.be/PTst2WFThrc
tam,mat,13,https://youtu.be/KMoQKqbxi1U
tam,mat,12,https://youtu.be/ALl8P7j15uM
tam,mat,11,https://youtu.be/0Ffv1nZc0FM
tam,mat,10,https://youtu.be/fLgXsbnkyv8
tam,mat,9,https://youtu.be/bgXvSDYWoI8
tam,mat,8,https://youtu.be/bywSkZ77iNY
tam,mat,7,https://youtu.be/-ZQlD6OHcsU
tam,mat,6,https://youtu.be/a2QbA-Fr2Go
tam,mat,5,https://youtu.be/7nAtvz3IEZQ
tam,mat,4,https://youtu.be/dWFOXnrzzXw
tam,mat,3,https://youtu.be/QJ8lK0zgV9w
tam,mat,2,https://youtu.be/NR-eVFB7x4w
tam,mrk,1,https://youtu.be/AnGj58py3Ls
tam,mrk,2,https://youtu.be/abNxo2TDztU
tam,mrk,3,https://youtu.be/APCt9x9zM9M
tam,mrk,4,https://youtu.be/SelcoO-n0LI
tam,mrk,5,https://youtu.be/2ZJOnNkzdgc
tam,mrk,6,https://youtu.be/SlGM5F4ruGQ
tam,mrk,7,https://youtu.be/5aAvUDfRksY
tam,mrk,8,https://youtu.be/DRA-6x640e8
tam,mrk,9,https://youtu.be/cs-b-2z_4g8
tam,mrk,10,https://youtu.be/U0qVgwjEz58
tam,mrk,11,https://youtu.be/7rX6GFGwkeo
tam,mrk,12,https://youtu.be/M_WeBhlbjFI
tam,mrk,13,https://youtu.be/XYLCbJGJ3hw
tam,mrk,14,https://youtu.be/w53mNVglahg
tam,mrk,14,https://youtu.be/O7zvvfkhtnI
tam,mrk,15,https://youtu.be/W-CqO8hWzFM
tam,mrk,16,https://youtu.be/sSpoBDnR4wc
tam,luk,1,https://youtu.be/6Db0jljxAMY
tam,luk,1,https://youtu.be/O9V_9tC66hw
tam,luk,2,https://youtu.be/t-AbFIqoo0E
tam,luk,3,https://youtu.be/POgcFARPYbY
tam,luk,4,https://youtu.be/pMWrX467O68
tam,luk,5,https://youtu.be/FVVx8cKe4fM
tam,luk,6,https://youtu.be/qT9rgdjcqhs
tam,luk,7,https://youtu.be/9FIEJZvhqio
tam,luk,8,https://youtu.be/Uq072fkmw2Q
tam,luk,8,https://youtu.be/uczwc4ZG5GI
tam,luk,9,https://youtu.be/0k8b7r0nf9A
tam,luk,9,https://youtu.be/dm1YsxpsiFw
tam,luk,10,https://youtu.be/8HaTHThbmsI
tam,luk,11,https://youtu.be/q3pbKtRKIYE
tam,luk,12,https://youtu.be/fk0fJUAVJ3k
tam,luk,13,https://youtu.be/gzdOyvG6G-A
tam,luk,14,https://youtu.be/cSjMRpUhHek
tam,luk,15,https://youtu.be/9LbXjjUpAkM
tam,luk,16,https://youtu.be/nNxpZ7mTuWQ
tam,luk,17,https://youtu.be/4x_29lhaozQ
tam,luk,18,https://youtu.be/FvZRfM2_Aq4
tam,luk,19,https://youtu.be/YYQdtVdfDjc
tam,luk,20,https://youtu.be/uQldsFzBpxU
tam,luk,21,https://youtu.be/0bXrQCk0vH8
tam,luk,22,https://youtu.be/Z8ryKvw7x2o
tam,luk,22,https://youtu.be/mkG507aRQCc
tam,luk,23,https://youtu.be/ORxSgb8Vlnw
tam,luk,23,https://youtu.be/DVMzfQ9rYsY
tam,luk,24,https://youtu.be/jJ6Q7s2Wzbg
tam,jhn,1,https://youtu.be/l6bCTIrKWgQ
tam,jhn,2,https://youtu.be/OL64KoL5I5w
tam,jhn,3,https://youtu.be/2sy0M3iv4tQ
tam,jhn,4,https://youtu.be/7hTJRqR6PMM
tam,jhn,5,https://youtu.be/7ru2XmP7yK0
tam,jhn,6,https://youtu.be/uD8Yw_-uqi0
tam,jhn,6,https://youtu.be/A9WDsSja4dk
tam,jhn,7,https://youtu.be/m2KxLj-MbHY
tam,jhn,8,https://youtu.be/w3l8atcxA60
tam,jhn,8,https://youtu.be/lXkhbFrFND4
tam,jhn,9,https://youtu.be/y4QoZdSXGj8
tam,jhn,10,https://youtu.be/xWTcX9gNA4U
tam,jhn,11,https://youtu.be/xz9-zHxgaHg
tam,jhn,12,https://youtu.be/DKLNfEFZZN8
tam,jhn,13,https://youtu.be/9vpTk1MkKUg
tam,jhn,14,https://youtu.be/l9D53puHrJg
tam,jhn,15,https://youtu.be/nnv5D2JH_rI
tam,jhn,16,https://youtu.be/4aweyELN2-I
tam,jhn,17,https://youtu.be/GD6rmFuYOcM
tam,jhn,18,https://youtu.be/qfr2_EKY82Q
tam,jhn,19,https://youtu.be/BNtrM0Dbq-Y
tam,jhn,19,https://youtu.be/0EnvYrUnEkY
tam,jhn,20,https://youtu.be/ZIdffVG2uPc
tam,jhn,21,https://youtu.be/JeUO06CjhMU
tel,mrk,1,https://youtu.be/CodaE751AZ0
tel,mrk,1,https://youtu.be/_dFuWySb_go
tel,mrk,2,https://youtu.be/L3vlRbx-K9E
tel,mrk,3,https://youtu.be/Zodvu4CX9lo
tel,mrk,4,https://youtu.be/BDMx97KQs3o
tel,mrk,5,https://youtu.be/QkUkr-aOau4
tel,mrk,5,https://youtu.be/iKLjhbu34qU
tel,mrk,6,https://youtu.be/1ZS1BNB9n1w
tel,mrk,6,https://youtu.be/yv8OraxIJtc
tel,mrk,7,https://youtu.be/zQsqOiErCIw
tel,mrk,7,https://youtu.be/5fHLu3q1M9U
tel,mrk,8,https://youtu.be/wJs62ZX1GJM
tel,mrk,8,https://youtu.be/UCP-vnl87cc
tel,mrk,9,https://youtu.be/qyZMPmaIii8
tel,mrk,10,https://youtu.be/PCKHGQ0Xy70
tel,mrk,11,https://youtu.be/MHTEFZRYtJA
tel,mrk,8,https://youtu.be/JDwqckIlkDQ
tel,mrk,9,https://youtu.be/leaKQxufwtw
tel,mrk,9,https://youtu.be/5-D0DggwziY
tel,mrk,10,https://youtu.be/faaDE41bDDI
tel,mrk,11,https://youtu.be/pqz-QRax7DE
tel,mrk,12,https://youtu.be/Uq4pX62bsQk
tel,mrk,12,https://youtu.be/TD4NPo5Tzvw
tel,mrk,14,https://youtu.be/pmhqWqZDK84
tel,mrk,14,https://youtu.be/AQwV9F405_Q
tel,mrk,14,https://youtu.be/oshA18rKC2A
tel,mrk,14,https://youtu.be/rGTIDAunDJE
tel,mrk,15,https://youtu.be/r8HCzLHIBcc
tel,mrk,15,https://youtu.be/c8uXhSt6HiI
tel,mrk,15,https://youtu.be/WZM7SipMju0
tel,mrk,16,https://youtu.be/GQeZnmHy38E
tel,mrk,3,https://youtu.be/hoIUWXB01Yg
tel,mrk,4,https://youtu.be/_3av7iIjUUE
tel,mrk,4,https://youtu.be/Mnp7LIWdf9I
tel,mrk,4,https://youtu.be/azrLf5gl30I
tel,mrk,4,https://youtu.be/mUhV5ucSKsg
tel,mrk,7,https://youtu.be/nz_qfMY82qM
tel,mrk,12,https://youtu.be/ns9M90p3bmw
tel,jhn,17,https://youtu.be/lHAnJ-5WYdk
tel,jhn,16,https://youtu.be/GNoQMiV_hR8
tel,jhn,15,https://youtu.be/dDA0ux2HC00
tel,jhn,13,https://youtu.be/aH12uLKxDc4
tel,jhn,10,https://youtu.be/4Lrat07LWOA
tel,jhn,8,https://youtu.be/xsK-Bm3Wnc4
tel,jhn,6,https://youtu.be/lIfAHp0ZtEc
tel,jhn,21,https://youtu.be/l_1I4NIYXTs
tel,jhn,11,https://youtu.be/QwFT0McoE2Q
tel,jhn,9,https://youtu.be/XAY33Hh337g
tel,jhn,5,https://youtu.be/cyejpvTNnf4
tel,jhn,4,https://youtu.be/spGOxU4Wz_s
tel,jhn,2,https://youtu.be/8lr-IBFcqMI
tel,luk,18,https://youtu.be/-EE1T82RED8
tel,luk,16,https://youtu.be/knc2EwNOcmA
tel,luk,15,https://youtu.be/QsHwRDiATPc
tel,luk,15,https://youtu.be/MliTFD3oIdc
tel,luk,12,https://youtu.be/RQmsCSLmVjA
tel,luk,11,https://youtu.be/CHy9Bo_JdDU
tel,luk,10,https://youtu.be/qaA2UofToBM
tel,luk,7,https://youtu.be/1Hjo63No7Rk
tel,luk,6,https://youtu.be/zuJbRiioDEw
tel,luk,12,https://youtu.be/sGYDkTaLqD8
tel,luk,6,https://youtu.be/QrysWoYX4vc
tel,luk,2,https://youtu.be/kk6v7mzQh54
tel,luk,2,https://youtu.be/oRqjQgqjqvA
tel,luk,2,https://youtu.be/RMBsz_5t4v8
tel,jhn,1,https://youtu.be/v5_XBaXSSV0
tel,luk,1,https://youtu.be/DFhGdhqVY_o
tel,luk,17,https://youtu.be/n3SameuYSdc
tel,luk,13,https://youtu.be/PotHyT2TgLY
tel,luk,7,https://youtu.be/FgRKBx4KEnQ
tel,luk,5,https://youtu.be/WI-LpBTgqHE
tel,mat,25,https://youtu.be/TZnkGxhcXmI
tel,mat,25,https://youtu.be/Y1nSELhtCIk
tel,mat,25,https://youtu.be/6Cm8YtnGWLg
tel,mat,24,https://youtu.be/UQ2RR2s48kY
tel,mat,22,https://youtu.be/VJeus8AEGrY
tel,mat,21,https://youtu.be/iDyjmyTxHbI
tel,mat,18,https://youtu.be/JlB-rW10Wkc
tel,mat,20,https://youtu.be/Y0XEhUE4sVo
tel,mat,13,https://youtu.be/hvjr_vO1XT8
tel,mat,13,https://youtu.be/j4tO6O256Dc
tel,mat,13,https://youtu.be/hpdMAvXiL3c
tel,mat,13,https://youtu.be/h65zfnBztUU
tel,mat,28,https://youtu.be/CufhblTJSvs
tel,mat,24,https://youtu.be/fnGm-lob2wI
tel,mat,24,https://youtu.be/pCcxuHuLSYg
tel,mat,19,https://youtu.be/ZTjnVluHau4
tel,mat,7,https://youtu.be/cQDQfW_8ZIY
tel,mat,6,https://youtu.be/wOz0qxP1c5w
tel,mat,6,https://youtu.be/rCBNLevL3V4
tel,mat,6,https://youtu.be/TPeoCmW_Wf4
tel,mat,5,https://youtu.be/XI0Vf0FeGZI
tel,mat,5,https://youtu.be/kGjFyQWtSas
tel,mat,5,https://youtu.be/TnF7prjznTY
tel,mat,4,https://youtu.be/0hORMHW5wTU
tel,mat,3,https://youtu.be/I2gWGlzgLfs
tel,mat,1,https://youtu.be/BrD4RTkIsT0
tel,mat,20,https://youtu.be/QVNZMs8DJJo
tel,mat,17,https://youtu.be/ILPshr6Y120
tel,mat,9,https://youtu.be/O3tl5yj1aao
tel,mat,1,https://youtu.be/UhKyllntuqQ
tel,mat,2,https://youtu.be/WrYPa7BRls4
tel,mat,3,https://youtu.be/wX5YArqzIPI
tel,mat,4,https://youtu.be/XXpbOPnMx9I
tel,mat,5,https://youtu.be/pA9Fy--ffWg
tel,mat,6,https://youtu.be/NDwWiDbWj9o
tel,mat,7,https://youtu.be/FTAlpCHtwv0
tel,mat,8,https://youtu.be/xCKCvftgcQE
tel,mat,9,https://youtu.be/cpjyKYwT-FI
tel,mat,10,https://youtu.be/LmcxsYwgLgg
tel,mat,11,https://youtu.be/NMB51Ydi53o
tel,mat,12,https://youtu.be/9tiI5Di5Es0
tel,mat,13,https://youtu.be/RMfCs0T67e8
tel,mat,14,https://youtu.be/Zv2MVi6FWWs
tel,mat,15,https://youtu.be/LoS39KiVTLo
tel,mat,16,https://youtu.be/CIxxD7ZytZs
tel,mat,17,https://youtu.be/nqSD7rNb01c
tel,mat,18,https://youtu.be/H6bkHBCD4Gc
tel,mat,19,https://youtu.be/aBx_97O3ttM
tel,mat,20,https://youtu.be/t3SgkJXRRzk
tel,mat,21,https://youtu.be/D-8TqCUZbKc
tel,mat,22,https://youtu.be/YH2u5fUQFuo
tel,mat,23,https://youtu.be/OOHDIyacxvI
tel,mat,24,https://youtu.be/UFC-3-rGZtI
tel,mat,25,https://youtu.be/jK5GuQBhW_8
tel,mat,26,https://youtu.be/DyQM0j81aSg
tel,mat,26,https://youtu.be/qsPGhk7bE80
tel,mat,27,https://youtu.be/s7YSg5d0qtc
tel,mat,27,https://youtu.be/VVaKBgAvPhM
tel,mat,28,https://youtu.be/87NXza3KU7o
tel,mrk,1,https://youtu.be/tb28ag10vtU
tel,mrk,2,https://youtu.be/6fufb9RkGUs
tel,mrk,3,https://youtu.be/Il1eqMIyf0o
tel,mrk,4,https://youtu.be/0y_O1Je9-WA
tel,mrk,5,https://youtu.be/EwVxXfqWpKg
tel,mrk,6,https://youtu.be/5Sc8wkevGGw
tel,mrk,7,https://youtu.be/-HRZIyfW5BQ
tel,mrk,8,https://youtu.be/WIG6A4fwzoY
tel,mrk,9,https://youtu.be/gC6aNP_BMQs
tel,mrk,10,https://youtu.be/M4zm-ryuClo
tel,mrk,11,https://youtu.be/WP6rDI1Sasg
tel,mrk,12,https://youtu.be/9oRKvsrC_aM
tel,mrk,13,https://youtu.be/jmPuiN2GEWc
tel,mrk,14,https://youtu.be/rIeADoBCyg8
tel,mrk,14,https://youtu.be/SJkPdV1WgnM
tel,mrk,15,https://youtu.be/5QzPml40Q04
tel,mrk,16,https://youtu.be/KBzXjS4JsKw
tel,luk,1,https://youtu.be/n_8SlmUzDvg
tel,luk,1,https://youtu.be/pQOaWzN7NG4
tel,luk,2,https://youtu.be/OFzA-Dy9gkw
tel,luk,3,https://youtu.be/8q_GTnWHGPA
tel,luk,4,https://youtu.be/PmxvDL65agw
tel,luk,5,https://youtu.be/irL66lxInQ0
tel,luk,6,https://youtu.be/u0-2b4jem7o
tel,luk,7,https://youtu.be/PeEWPq1QRbI
tel,luk,8,https://youtu.be/5D3TioHITJs
tel,luk,8,https://youtu.be/I4BFrU0CsvI
tel,luk,9,https://youtu.be/sycWEsYeCU8
tel,luk,9,https://youtu.be/U8Be_93GXPM
tel,luk,10,https://youtu.be/5qOQRVYdVAg
tel,luk,11,https://youtu.be/-OWNC_x82fg
tel,luk,12,https://youtu.be/t1aXozKQYlw
tel,luk,13,https://youtu.be/HtxJtn3BUGs
tel,luk,14,https://youtu.be/VgXaXDxKOoU
tel,luk,15,https://youtu.be/CsFBdJrgrf0
tel,luk,16,https://youtu.be/PbQJwYZjMXc
tel,luk,17,https://youtu.be/vk3I-RTU9YM
tel,luk,18,https://youtu.be/4tM9xyRCWXc
tel,luk,19,https://youtu.be/GhD36IKx4zs
tel,luk,20,https://youtu.be/0gbJjUipu9c
tel,luk,21,https://youtu.be/BbIycB4GUkQ
tel,luk,22,https://youtu.be/BQ5qFMUYH_A
tel,luk,22,https://youtu.be/mJhuKxdXGac
tel,luk,23,https://youtu.be/0BlCR-ow5jI
tel,luk,23,https://youtu.be/1R4UaGhFs_Y
tel,luk,24,https://youtu.be/UF6bnR-M3pM
tel,jhn,21,https://youtu.be/y4QCUD3Xerw
tel,jhn,20,https://youtu.be/KlXb5U_PPp0
tel,jhn,19,https://youtu.be/JhmZKU_gjbc
tel,jhn,19,https://youtu.be/xi4R9ZV2EQk
tel,jhn,18,https://youtu.be/Ylht04t9E28
tel,jhn,17,https://youtu.be/RD3wR9qMP0Q
tel,jhn,16,https://youtu.be/Ns5qCdbV8o8
tel,jhn,15,https://youtu.be/5q0zOXO8E5M
tel,jhn,14,https://youtu.be/Yl1DIcYK3Gk
tel,jhn,13,https://youtu.be/2MHy7jLtSqw
tel,jhn,12,https://youtu.be/_npqrM4SGzE
tel,jhn,11,https://youtu.be/nXf_wA6DPi0
tel,jhn,10,https://youtu.be/CmpH6rndPEg
tel,jhn,9,https://youtu.be/dvUzXpJkKok
tel,jhn,8,https://youtu.be/L-4c2OlTlpY
tel,jhn,8,https://youtu.be/GvdGVbshP7s
tel,jhn,7,https://youtu.be/3IVHEHD8tmc
tel,jhn,6,https://youtu.be/WGSyT1J8Iv4
tel,jhn,6,https://youtu.be/RDd0ON2BuPQ
tel,jhn,5,https://youtu.be/qiXXe0YrIoU
tel,jhn,4,https://youtu.be/o-NNvNsWqSM
tel,jhn,3,https://youtu.be/WeQtwpjOuAE
tel,jhn,2,https://youtu.be/UDyESuBH56o
tel,jhn,1,https://youtu.be/u4rjXU6Vo5M
ory,mat,1,https://youtu.be/InuMjfTjUw4
ory,mat,3,https://youtu.be/4QY49cqqLzg
ory,mat,5,https://youtu.be/OEunJ8nasGw
ory,mat,6,https://youtu.be/tQR6Pfs5dN4
ory,mat,7,https://youtu.be/fLfXB84kQUc
ory,mat,9,https://youtu.be/7SDSXjuIwSM
ory,mat,10,https://youtu.be/38TC7ay1yrA
ory,mat,11,https://youtu.be/MoGRoYtolDI
ory,mat,12,https://youtu.be/pxDCkQZOUxQ
ory,mat,13,https://youtu.be/z79odYgFikw
ory,mat,14,https://youtu.be/-l7esrY_M5M
ory,mat,15,https://youtu.be/ogYPhY0MVMY
ory,mat,16,https://youtu.be/Ont4a4tbbio
ory,mat,18,https://youtu.be/3zubY_0BK-k
ory,mat,20,https://youtu.be/QJnevYv8RA8
ory,mat,21,https://youtu.be/gmf-W-yVmRc
ory,mat,22,https://youtu.be/-xAssuTpEu8
ory,mat,23,https://youtu.be/ClVEzKSs7Xo
ory,mat,24,https://youtu.be/QRN18M3SQD0
ory,mat,25,https://youtu.be/tKkk1ILtDpc
ory,mat,26,https://youtu.be/250LNigo5As
ory,mat,26,https://youtu.be/wjC62z9Mm-w
ory,mat,27,https://youtu.be/cCMaqK5-WIQ
ory,mat,27,https://youtu.be/5OSXXMIJ6K0
ory,mrk,1,https://youtu.be/eNmtMfbZink
ory,mrk,2,https://youtu.be/YjKiAx8_6hM
ory,mrk,3,https://youtu.be/rpIF-lJ-Ra8
ory,mrk,5,https://youtu.be/kloxS4AjqUc
ory,mrk,6,https://youtu.be/9tTBtdMf5Ro
ory,mrk,7,https://youtu.be/SxKrhViFnaw
ory,mrk,8,https://youtu.be/4iWz3li6E8w
ory,mrk,9,https://youtu.be/9g3uEKlcZhg
ory,mrk,10,https://youtu.be/wiW2NpW1moY
ory,mrk,11,https://youtu.be/34j8hgBQpfk
ory,mrk,12,https://youtu.be/JepRYxerN80
ory,mrk,14,https://youtu.be/f_6fLtaQyo0
ory,mrk,14,https://youtu.be/19-CVwzSGos
ory,mrk,15,https://youtu.be/FwAy_zNhOcU
ory,luk,1,https://youtu.be/hMwcMnuKeZM
ory,luk,1,https://youtu.be/DeyJohAwQCI
ory,luk,2,https://youtu.be/n-by9umv4Fw
ory,luk,4,https://youtu.be/4ui-6Fq_V4Y
ory,luk,5,https://youtu.be/PCPFUSkFBrQ
ory,luk,6,https://youtu.be/k9mJ_Rkvb0c
ory,luk,7,https://youtu.be/F1w9QGubUBk
ory,luk,8,https://youtu.be/ADCfoDCzgs8
ory,luk,8,https://youtu.be/HKK3l9_2hZ4
ory,luk,9,https://youtu.be/R7wc-b8A-gE
ory,luk,10,https://youtu.be/_h_IctGNVhE
ory,luk,11,https://youtu.be/zCXXFdC3V_Y
ory,luk,12,https://youtu.be/SZOeyXwuaLM
ory,luk,13,https://youtu.be/Wv2tU-Tnmiw
ory,luk,14,https://youtu.be/46jYC-1EQoE
ory,luk,15,https://youtu.be/KkEOnFsCt98
ory,luk,17,https://youtu.be/GIJB0azD6Rs
ory,luk,18,https://youtu.be/A-8e6lpgwlE
ory,luk,19,https://youtu.be/TNsMAkf-LTc
ory,luk,19,https://youtu.be/YofZDFIXlKU
ory,luk,21,https://youtu.be/MekLaBw0ZGQ
ory,luk,21,https://youtu.be/9dPJvzVZ1Pk
ory,luk,22,https://youtu.be/vrE-XCH5vUE
ory,luk,23,https://youtu.be/q3AGxd189tk
ory,luk,24,https://youtu.be/b1sQ51WBBOU
ory,jhn,1,https://youtu.be/1mQlHcQIyGo
ory,jhn,1,https://youtu.be/WKxD6BAgd1U
ory,jhn,2,https://youtu.be/Q8_ywHaDlMo
ory,jhn,4,https://youtu.be/1hnk61cBVzU
ory,jhn,5,https://youtu.be/2BYx7agpfHM
ory,jhn,6,https://youtu.be/jZkhMsBoAvs
ory,jhn,6,https://youtu.be/kRbiGmG_bHM
ory,jhn,7,https://youtu.be/C-TWh5ykwPc
ory,jhn,8,https://youtu.be/bjqi4950_hM
ory,jhn,9,https://youtu.be/0AvNMu05zUE
ory,jhn,10,https://youtu.be/vH7s_pMGP00
ory,jhn,11,https://youtu.be/MBZjjEZuDbg
ory,jhn,12,https://youtu.be/pDR6YRe2hq0
ory,jhn,13,https://youtu.be/XBej6D126hQ
ory,jhn,14,https://youtu.be/iDbVFAfpBAg
ory,jhn,15,https://youtu.be/NbEvfLHPvLs
ory,jhn,16,https://youtu.be/_YT5DO4e7y4
ory,jhn,18,https://youtu.be/mT-eQpdtXww
ory,jhn,19,https://youtu.be/4cUNeF6gLDw
ory,jhn,19,https://youtu.be/oFbeLWgKkvk
ory,jhn,21,https://youtu.be/4Hc4hiJGZp4
urd,mat,1,https://youtu.be/4mRb5LdgFj4
urd,mat,2,https://youtu.be/8EBsXpgep5k
urd,mat,3,https://youtu.be/SwzyMkiyI1I
urd,mat,4,https://youtu.be/HAj-QdeU2eI
urd,mat,5,https://youtu.be/mZWwBQKXrEo
urd,mat,6,https://youtu.be/r3n-guZEnME
urd,mat,7,https://youtu.be/x0cRdlTStHM
urd,mat,8,https://youtu.be/3w3cLvnlSlI
urd,mat,9,https://youtu.be/87Hs24zmBsE
urd,mat,10,https://youtu.be/y2hX_gix0jI
urd,mat,11,https://youtu.be/AXGhTQlqzv0
urd,mat,12,https://youtu.be/Pplgjh_kOCw
urd,mat,13,https://youtu.be/aYz3K8z3rzM
urd,mat,14,https://youtu.be/ViQOWj42Ob4
urd,mat,15,https://youtu.be/yWkx8YwR9K0
urd,mat,16,https://youtu.be/M50pYmFmdjk
urd,mat,17,https://youtu.be/boykjFc2W4s
urd,mat,18,https://youtu.be/_iq-__sqcp8
urd,mat,19,https://youtu.be/_Aul_DBnSC4
urd,mat,20,https://youtu.be/1QWBBMZQ4oo
urd,mat,21,https://youtu.be/7-3NLddWp6c
urd,mat,22,https://youtu.be/NpDT0c0aRBU
urd,mat,23,https://youtu.be/1_soTByOww8
urd,mat,24,https://youtu.be/0qgYhRBSeu0
urd,mat,26,https://youtu.be/DinmQ_y91fk
urd,mat,25,https://youtu.be/J248jg-Mz30
urd,mat,26,https://youtu.be/ycfmziBQ10A
urd,mat,27,https://youtu.be/hlF0I5tyhJM
urd,mat,27,https://youtu.be/eBTfCFifSNk
urd,mat,28,https://youtu.be/jfC3pPhUWaQ
urd,mrk,1,https://youtu.be/jPiwEcashws
urd,mrk,2,https://youtu.be/harBGcBoBbY
urd,mrk,3,https://youtu.be/cuu3rQFn8RU
urd,mrk,4,https://youtu.be/23iYfdO0-8w
urd,mrk,5,https://youtu.be/oBoypJoT-dw
urd,mrk,6,https://youtu.be/3UpcOhigXu4
urd,mrk,7,https://youtu.be/RSdE1zbBNYA
urd,mrk,8,https://youtu.be/UDVcM8R4ECY
urd,mrk,9,https://youtu.be/RTjesZtqvkg
urd,mrk,10,https://youtu.be/p2fCQa6dQ_w
urd,mrk,11,https://youtu.be/HtOVlsZZO0A
urd,mrk,12,https://youtu.be/sj0mfAM41Yc
urd,mrk,13,https://youtu.be/r5Uw0nVW4Y0
urd,mrk,14,https://youtu.be/5r2E8f5P524
urd,mrk,14,https://youtu.be/dnToovWnLLY
urd,mrk,15,https://youtu.be/qs_as3VbbiY
urd,mrk,16,https://youtu.be/d2ecu7SMMvk
urd,luk,1,https://youtu.be/TIt26bWu-_U
urd,luk,1,https://youtu.be/mG1jrSuIi78
urd,luk,2,https://youtu.be/7qhtR91i2p8
urd,luk,3,https://youtu.be/e_MKoPDSHM0
urd,luk,4,https://youtu.be/t86fmUK3fJM
urd,luk,5,https://youtu.be/jjBaeU3YSCk
urd,luk,7,https://youtu.be/Mtv9CdkTw2Q
urd,luk,7,https://youtu.be/9_s6Jfh0Jq4
urd,luk,8,https://youtu.be/KU8QCS6udYY
urd,luk,8,https://youtu.be/ChIXWYW5t4c
urd,luk,9,https://youtu.be/KwqeBN8xn4U
urd,luk,9,https://youtu.be/EoixZQTotEM
urd,luk,10,https://youtu.be/txrA-peeCn8
urd,luk,11,https://youtu.be/xWDjLCpv6nY
urd,luk,12,https://youtu.be/FzZIF8KJ-XA
urd,luk,13,https://youtu.be/h8lkZoRjLA8
urd,luk,14,https://youtu.be/B_q2XAXqx8w
urd,luk,15,https://youtu.be/CRMspQ58SwA
urd,luk,16,https://youtu.be/A-0bt4quz2s
urd,luk,17,https://youtu.be/mGWTO3-cJ_w
urd,luk,18,https://youtu.be/lXZFz72rDrQ
urd,luk,19,https://youtu.be/R66oxUJ6YTo
urd,luk,20,https://youtu.be/MDiPSujG88s
urd,luk,21,https://youtu.be/BdN4S_Qcn7k
urd,luk,22,https://youtu.be/W1xK0LES2FM
urd,luk,22,https://youtu.be/Q4I8i-a8Bks
urd,luk,23,https://youtu.be/z_bO6f3dlfo
urd,luk,23,https://youtu.be/xBLa-US51U0
urd,luk,24,https://youtu.be/rtvGiVmDP_8
urd,jhn,1,https://youtu.be/fPHjGlYmM2o
urd,jhn,2,https://youtu.be/mxhRZbHcXK8
urd,jhn,3,https://youtu.be/-lXd570Jjqw
urd,jhn,4,https://youtu.be/RY_KyRmfGgw
urd,jhn,5,https://youtu.be/nLjRg9_Pz-w
urd,jhn,6,https://youtu.be/u8v0RES2Et0
urd,jhn,6,https://youtu.be/6LWADZhJtWU
urd,jhn,7,https://youtu.be/L5XH0fuz_j8
urd,jhn,8,https://youtu.be/HtVd6-o8rPE
urd,jhn,8,https://youtu.be/9ALtiNtyoA0
urd,jhn,9,https://youtu.be/uGAXl6grY6Q
urd,jhn,10,https://youtu.be/cpulNTckewE
urd,jhn,11,https://youtu.be/pc7vkmgWQn4
urd,jhn,12,https://youtu.be/a7dW6j4hyMc
urd,jhn,13,https://youtu.be/4Bhzo7hCQO0
urd,jhn,14,https://youtu.be/tj4lf9_u508
urd,jhn,15,https://youtu.be/ULUyXJfrkOI
urd,jhn,16,https://youtu.be/o6ucFEngkB4
urd,jhn,17,https://youtu.be/tePSA9bhbgc
urd,jhn,18,https://youtu.be/GYqcWLW8PcE
urd,jhn,19,https://youtu.be/9WzdVMH7zto
urd,jhn,19,https://youtu.be/HKb6VCPWfEM
urd,jhn,20,https://youtu.be/fh1ld7NJ7oI
urd,jhn,21,https://youtu.be/R9ey6zT_428
dgo,luk,1,https://youtu.be/FblAGmBOsZg
dgo,luk,1,https://youtu.be/FU4I_58GemA
dgo,luk,1,https://youtu.be/5xdA86ldC6c
dgo,luk,2,https://youtu.be/C6uoy8act1M
dgo,luk,2,https://youtu.be/y4Kyc1OCVlw
dgo,luk,3,https://youtu.be/qq8UZwCkb9o
dgo,luk,3,https://youtu.be/1Kb5S4NStXM
dgo,luk,4,https://youtu.be/LNc1PRrkagA
dgo,luk,4,https://youtu.be/v6t6FP58EBk
dgo,luk,5,https://youtu.be/0GsojIHwfa4
dgo,luk,5,https://youtu.be/-AlJYs0N2vo
dgo,luk,6,https://youtu.be/QtkNKK1HMqc
dgo,luk,6,https://youtu.be/fhBnQdEr470
dgo,luk,6,https://youtu.be/nahyLxa02is
dgo,luk,7,https://youtu.be/fnVpwjPt_qE
dgo,luk,7,https://youtu.be/Mw0uMrV4s1Q
dgo,luk,7,https://youtu.be/r2wc4Z9SKWs
dgo,luk,8,https://youtu.be/epE1eAoxSU4
dgo,luk,8,https://youtu.be/lgvaFxjUMEk
dgo,luk,8,https://youtu.be/TNBtbbqdBXE
dgo,luk,9,https://youtu.be/vsiFXKCTozY
dgo,luk,9,https://youtu.be/VzKAXMz2eKU
dgo,luk,9,https://youtu.be/Am4xE_h2BXo
dgo,luk,10,https://youtu.be/sSvrp4qBFVI
dgo,luk,10,https://youtu.be/62P3negSy7I
dgo,luk,11,https://youtu.be/2aq86sQxxoM
dgo,luk,11,https://youtu.be/Q8VYK38Nl9g
dgo,luk,11,https://youtu.be/9sz4do7vQog
dgo,luk,12,https://youtu.be/aqKzO9beMnQ
dgo,luk,12,https://youtu.be/mcHbPFSakF8
dgo,luk,13,https://youtu.be/iSe7n7Hj4PI
dgo,luk,13,https://youtu.be/8plNWLs96I0
dgo,luk,14,https://youtu.be/GHYAh78Z1YA
dgo,luk,14,https://youtu.be/MscyjBrtywg
dgo,luk,15,https://youtu.be/azFr-XdIusA
dgo,luk,15,https://youtu.be/tXgj_Nydov8
dgo,luk,16,https://youtu.be/m4rdHJlnGNI
dgo,luk,16,https://youtu.be/rZh-d3ygoPs
dgo,luk,17,https://youtu.be/hT2W7B9rsRg
dgo,luk,17,https://youtu.be/fwmgROrdpRg
dgo,luk,18,https://youtu.be/ZVi7F1VVf0I
dgo,luk,18,https://youtu.be/uk_cRbMWwFM
dgo,luk,19,https://youtu.be/M8kEmUfJjiA
dgo,luk,19,https://youtu.be/IZkyGRMdoaY
dgo,luk,20,https://youtu.be/4H30Az53mnQ
dgo,luk,20,https://youtu.be/T60DrnlsMAA
dgo,luk,21,https://youtu.be/UGxWblYyhEU
dgo,luk,21,https://youtu.be/tYUt68TS9CQ
dgo,luk,22,https://youtu.be/7tZ2xqRzM0g
dgo,luk,22,https://youtu.be/cR_qSy7obyU
dgo,luk,23,https://youtu.be/IBhL-NzP3hI
dgo,luk,23,https://youtu.be/XYAEXJ3OpZE
dgo,luk,23,https://youtu.be/xRyu_N13vG0
dgo,luk,24,https://youtu.be/YXRuHNQBYoA
dgo,luk,24,https://youtu.be/Bk1kQZ0iYVw
har,luk,1,https://youtu.be/-ldWlv_xvgg
har,luk,1,https://youtu.be/7GIIBZ_lq9k
har,luk,1,https://youtu.be/JEAXqSTqCpA
har,luk,2,https://youtu.be/9VDGRrnO5LY
har,luk,2,https://youtu.be/kNFFKnpGgr0
har,luk,3,https://youtu.be/k6MaeHnGbsc
har,luk,3,https://youtu.be/7M1-dxEFVA8
har,luk,4,https://youtu.be/6-Pm6ZTakEo
har,luk,4,https://youtu.be/0-4MRHcmg5U
har,luk,5,https://youtu.be/xaPVrXJICBc
har,luk,5,https://youtu.be/548y9skoqyk
har,luk,6,https://youtu.be/5OGVeK_USSo
har,luk,6,https://youtu.be/5GdoMMZyLWo
har,luk,6,https://youtu.be/x94RqS-3Kxk
har,luk,7,https://youtu.be/xW-W9le8sYY
har,luk,8,https://youtu.be/CMgV_MUw5d8
har,luk,8,https://youtu.be/7tiqPx41dVk
har,luk,8,https://youtu.be/s7-xXKnNCpQ
har,luk,9,https://youtu.be/LUji8XN81yU
har,luk,9,https://youtu.be/ftdHujgfZcY
har,luk,10,https://youtu.be/pp37p9vk43o
har,luk,10,https://youtu.be/xZfLrQP9Fk0
har,luk,11,https://youtu.be/_1LFTmCOcjU
har,luk,11,https://youtu.be/3RnfOeesTJs
har,luk,12,https://youtu.be/0unq-u0cBJM
har,luk,12,https://youtu.be/RITa85YMJr0
har,luk,13,https://youtu.be/D3uzT7Eaz3o
har,luk,13,https://youtu.be/vlDDeyXsyJg
har,luk,14,https://youtu.be/E64VQ70-nDg
har,luk,14,https://youtu.be/duE8Az-Jt94
har,luk,15,https://youtu.be/3HTQOoFS1us
har,luk,15,https://youtu.be/I23h0mlsz5Y
har,luk,16,https://youtu.be/_z-KZqpN7mE
har,luk,16,https://youtu.be/eFeMzbEULMI
har,luk,17,https://youtu.be/W9diguGjmes
har,luk,17,https://youtu.be/Ptmt6KKt9PU
har,luk,18,https://youtu.be/jg3iHp3vM24
har,luk,18,https://youtu.be/wLKftT4q16Q
har,luk,19,https://youtu.be/0UFEgsOpZ04
har,luk,19,https://youtu.be/a8HqdEq6zxc
har,luk,20,https://youtu.be/laIfOL3MqIE
har,luk,20,https://youtu.be/I318iGudPuI
har,luk,21,https://youtu.be/Se_WulRBmEA
har,luk,21,https://youtu.be/Ch5L3htVW94
har,luk,22,https://youtu.be/MF6oIGONvyg
har,luk,22,https://youtu.be/BMlN_Ggtd5Y
har,luk,23,https://youtu.be/mR7BbLYlH_c
har,luk,23,https://youtu.be/yQ4tMCv1Cao
har,luk,23,https://youtu.be/1AhrUeuCSXo
har,luk,24,https://youtu.be/YpTMmwRWlk0
har,luk,24,https://youtu.be/e19giAIlbKo
cdj,luk,1,https://youtu.be/n-dK9cMYdk4
cdj,luk,1,https://youtu.be/yi53clVWEp8
cdj,luk,1,https://youtu.be/tfZWC0r8lAs
cdj,luk,2,https://youtu.be/fpcHh4zOoI8
cdj,luk,2,https://youtu.be/9uBEdL8a1VY
cdj,luk,3,https://youtu.be/2FZ1uUzKXQw
cdj,luk,3,https://youtu.be/PQpAmraj4ps
cdj,luk,4,https://youtu.be/v3IjUvJ0uWg
cdj,luk,4,https://youtu.be/Uh0Ml3h5Bbo
cdj,luk,5,https://youtu.be/wwkq5LPpl1o
cdj,luk,5,https://youtu.be/CJ5lb-KcShs
cdj,luk,6,https://youtu.be/DRTH2AsmD9M
cdj,luk,6,https://youtu.be/yT4A2OQBFtQ
cdj,luk,6,https://youtu.be/AAd0gydiJio
cdj,luk,7,https://youtu.be/Xv2pQ2kZfpQ
cdj,luk,7,https://youtu.be/t_Kas1L2TCA
cdj,luk,7,https://youtu.be/qcZLn3je3Wg
cdj,luk,8,https://youtu.be/fignka3Dzuc
cdj,luk,8,https://youtu.be/0Ht2s1Q4ZeQ
cdj,luk,8,https://youtu.be/z_50deSxX5I
cdj,luk,9,https://youtu.be/KvYJn6hWCcE
cdj,luk,9,https://youtu.be/39F7f1fFnJs
cdj,luk,9,https://youtu.be/1LlGGmoFA8k
cdj,luk,10,https://youtu.be/P-0SYN_UhXU
cdj,luk,10,https://youtu.be/3FFb94SSal8
cdj,luk,11,https://youtu.be/ByhbuYJJ74w
cdj,luk,11,https://youtu.be/wcGU8SdP7O0
cdj,luk,11,https://youtu.be/mFjuVl8neHM
cdj,luk,12,https://youtu.be/fPkB2EoU_4k
cdj,luk,12,https://youtu.be/9gJqk5_fybM
cdj,luk,13,https://youtu.be/doKoHSreumk
cdj,luk,13,https://youtu.be/J6gCKBryQIc
cdj,luk,14,https://youtu.be/-ivK0z6s-7w
cdj,luk,14,https://youtu.be/7CHtNyGhWrs
cdj,luk,15,https://youtu.be/aN1Vr1Ge6hY
cdj,luk,15,https://youtu.be/rfCn2YOqfl8
cdj,luk,16,https://youtu.be/vRapIEBlQ2U
cdj,luk,16,https://youtu.be/q6ToSShVQWc
cdj,luk,17,https://youtu.be/GfKPxQKpoVU
cdj,luk,17,https://youtu.be/UMrvDik_tXc
cdj,luk,18,https://youtu.be/i3W3qSPo3vk
cdj,luk,18,https://youtu.be/MzxeUz48Wi0
cdj,luk,19,https://youtu.be/fgmI-p4t5XU
cdj,luk,19,https://youtu.be/psoQK1DlKcU
cdj,luk,20,https://youtu.be/60zCMtwpuH0
cdj,luk,20,https://youtu.be/9G4UARCI0ME
cdj,luk,21,https://youtu.be/fPldOxJUjsM
cdj,luk,21,https://youtu.be/ZbJaQyjBSP0
cdj,luk,22,https://youtu.be/vB6IVZkvqsA
cdj,luk,22,https://youtu.be/wOxdoos898w
cdj,luk,23,https://youtu.be/tSl0tuUSm3Y
cdj,luk,23,https://youtu.be/NfFRXwjiar8
cdj,luk,23,https://youtu.be/TtVrFABrs5k
cdj,luk,24,https://youtu.be/4DBpAyPHRGI
cdj,luk,24,https://youtu.be/DrjBTQTpm0I
gbk,luk,1,https://youtu.be/-7kPSrARVKQ
gbk,luk,1,https://youtu.be/Hg7wcx91X34
gbk,luk,1,https://youtu.be/xoprttLabq8
gbk,luk,2,https://youtu.be/8CbipsNEroY
gbk,luk,2,https://youtu.be/9OvcPhISlII
gbk,luk,3,https://youtu.be/WHX5i4JZCgs
gbk,luk,3,https://youtu.be/4f5Um17AduA
gbk,luk,4,https://youtu.be/Y3194bCsGoo
gbk,luk,4,https://youtu.be/hxsEjEFB5DE
gbk,luk,5,https://youtu.be/wdl0AFugXf4
gbk,luk,5,https://youtu.be/WrQ4dHo2J_c
gbk,luk,6,https://youtu.be/X8yG6S2BP_E
gbk,luk,6,https://youtu.be/xfkjZodrFXU
gbk,luk,6,https://youtu.be/sCMI_15elSk
gbk,luk,7,https://youtu.be/BIOXhyOjy_M
gbk,luk,7,https://youtu.be/jZIRfZwRW98
gbk,luk,7,https://youtu.be/cMc1H09fOoY
gbk,luk,8,https://youtu.be/Jvb7ctvWgjw
gbk,luk,8,https://youtu.be/Gd8D81fY_Bw
gbk,luk,8,https://youtu.be/2aXAvBai-iY
gbk,luk,9,https://youtu.be/576oYG49vnk
gbk,luk,9,https://youtu.be/y1c8nJdGfCU
gbk,luk,9,https://youtu.be/2CloJD1c8jQ
gbk,luk,10,https://youtu.be/iODwMHDgmNk
gbk,luk,10,https://youtu.be/rbFb3LTemDo
gbk,luk,11,https://youtu.be/Bn1VWpXFIUM
gbk,luk,11,https://youtu.be/wdAUzYo5qM4
gbk,luk,11,https://youtu.be/C8LkDe0a_pE
gbk,luk,12,https://youtu.be/xSptvcnUGXo
gbk,luk,12,https://youtu.be/TASVVZrdCPI
gbk,luk,13,https://youtu.be/6EiFyH7SZhM
gbk,luk,13,https://youtu.be/puwL3Jm4Vq0
gbk,luk,14,https://youtu.be/KfZU83JVr94
gbk,luk,14,https://youtu.be/YAAC4ssYqE0
gbk,luk,15,https://youtu.be/ZxK6vYNHYhQ
gbk,luk,15,https://youtu.be/xj84PtDZhNk
gbk,luk,16,https://youtu.be/G1gjw0QU8cg
gbk,luk,16,https://youtu.be/pYWI5PnZ-_A
gbk,luk,17,https://youtu.be/UGXOcf2fnRc
gbk,luk,17,https://youtu.be/6HxEVkxMRWE
gbk,luk,18,https://youtu.be/PcFSFewvKiI
gbk,luk,18,https://youtu.be/SfqjRae0WCA
gbk,luk,19,https://youtu.be/zD0SxBL4KN8
gbk,luk,19,https://youtu.be/vIltcruo6yA
gbk,luk,20,https://youtu.be/z6OLQXtY4dk
gbk,luk,20,https://youtu.be/02d6j-Jl5Ws
gbk,luk,21,https://youtu.be/oY4_lgnW77g
gbk,luk,21,https://youtu.be/2E1ylu-jOmU
gbk,luk,22,https://youtu.be/J0K9RIa3QKY
gbk,luk,22,https://youtu.be/N5asv8IQBXE
gbk,luk,23,https://youtu.be/P4VoOxL-gos
gbk,luk,23,https://youtu.be/bFiY7CikhGU
gbk,luk,23,https://youtu.be/HKuDfXk_K3w
gbk,luk,24,https://youtu.be/VhtKxoKTKqw
gbk,luk,24,https://youtu.be/MtxxlAf6bos
xnr,luk,1,https://youtu.be/uPKez28Jq-A
xnr,luk,1,https://youtu.be/rc7pIfQgVhw
xnr,luk,1,https://youtu.be/_-SuFWEEA0o
xnr,luk,2,https://youtu.be/Gz27fXfhLsg
xnr,luk,2,https://youtu.be/3SQj7G7oETc
xnr,luk,3,https://youtu.be/oGXFdh75jxw
xnr,luk,3,https://youtu.be/5Hmm9B0fvRU
xnr,luk,4,https://youtu.be/qBx0cXqqGxU
xnr,luk,4,https://youtu.be/2u7dfDH4jbQ
xnr,luk,5,https://youtu.be/ouNhEZ7-5Mc
xnr,luk,5,https://youtu.be/U9uO1r1RECo
xnr,luk,6,https://youtu.be/kEyInxbNXRI
xnr,luk,6,https://youtu.be/8I03Mz0NYAs
xnr,luk,6,https://youtu.be/4IJcTBn--Lo
xnr,luk,7,https://youtu.be/FKUyNLdE_xo
xnr,luk,7,https://youtu.be/OnknID6R4yg
xnr,luk,7,https://youtu.be/Kkid3tHQ0IM
xnr,luk,8,https://youtu.be/q0I-lxLKHMw
xnr,luk,8,https://youtu.be/IZIVw7S3X50
xnr,luk,8,https://youtu.be/-wFiXtK_ps4
xnr,luk,9,https://youtu.be/00XRLHqFO2M
xnr,luk,9,https://youtu.be/EKMyB4OzjTw
xnr,luk,9,https://youtu.be/Uqbmr57bIkM
xnr,luk,10,https://youtu.be/17exzHKk7gc
xnr,luk,10,https://youtu.be/nENF2dtJt9s
xnr,luk,11,https://youtu.be/zSNgVq7pkt8
xnr,luk,11,https://youtu.be/zXY8hY1fQYM
xnr,luk,11,https://youtu.be/OQxDeFb-5ck
xnr,luk,12,https://youtu.be/NIr7uFTch00
xnr,luk,12,https://youtu.be/fDPsOtgf3SY
xnr,luk,13,https://youtu.be/uBJUshzDHT8
xnr,luk,13,https://youtu.be/_JoW4zAWxJk
xnr,luk,14,https://youtu.be/I0_hS1_OnTo
xnr,luk,14,https://youtu.be/oBo8Zd5g4Y0
xnr,luk,15,https://youtu.be/BCvNFNtbTPg
xnr,luk,15,https://youtu.be/O2yqTtMCYao
xnr,luk,16,https://youtu.be/tReZLRX-plg
xnr,luk,16,https://youtu.be/lEmfCRRLAgs
xnr,luk,17,https://youtu.be/HZGsk6G1RxQ
xnr,luk,17,https://youtu.be/oeRVEsXBoUs
xnr,luk,18,https://youtu.be/EGlMPmdrtFc
xnr,luk,18,https://youtu.be/voYJuXGBqrg
xnr,luk,19,https://youtu.be/SpCSpHySqFs
xnr,luk,19,https://youtu.be/f3WsaRpSTC4
xnr,luk,20,https://youtu.be/U4WY7S6X1VU
xnr,luk,20,https://youtu.be/FrQ-8nnxQ5A
xnr,luk,21,https://youtu.be/Sp0PrVi2bSw
xnr,luk,22,https://youtu.be/D1fnFxMXHc8
xnr,luk,21,https://youtu.be/lakMi_LHnZs
xnr,luk,22,https://youtu.be/Y4EuAS6ZGNc
xnr,luk,23,https://youtu.be/SXDJftASBWg
xnr,luk,23,https://youtu.be/rCh54Jg3m1Q
xnr,luk,23,https://youtu.be/uFo31Z6rlYk
xnr,luk,24,https://youtu.be/fid-nmnt3LA
xnr,luk,24,https://youtu.be/XXYwVvnhctc
kfx,luk,1,https://youtu.be/KL9L8XZVVi8
kfx,luk,1,https://youtu.be/MmYlhD3qpAk
kfx,luk,1,https://youtu.be/m8OuH-8XlqE
kfx,luk,2,https://youtu.be/ImA42vyhWF0
kfx,luk,2,https://youtu.be/-cHIcbQDV_c
kfx,luk,3,https://youtu.be/tQyhhVZTHhs
kfx,luk,3,https://youtu.be/Z5q_e7LjuLo
kfx,luk,4,https://youtu.be/3XpalrW7tIQ
kfx,luk,4,https://youtu.be/KEAcdUvIeSc
kfx,luk,5,https://youtu.be/BefTWYzQZI0
kfx,luk,5,https://youtu.be/b79o87N4o_k
kfx,luk,6,https://youtu.be/BnbQ-j_x52M
kfx,luk,6,https://youtu.be/xGfX_6KckvM
kfx,luk,6,https://youtu.be/EEQLpms3LBo
kfx,luk,7,https://youtu.be/Xp1JtL8mOlM
kfx,luk,7,https://youtu.be/gRWR1XqG-Zo
kfx,luk,7,https://youtu.be/0tv8xSMLQtk
kfx,luk,8,https://youtu.be/J8SM4vfEvjA
kfx,luk,8,https://youtu.be/CuRdgcjsKuo
kfx,luk,8,https://youtu.be/2oJcrT4YkH8
kfx,luk,9,https://youtu.be/f261gVOKmBk
kfx,luk,9,https://youtu.be/Zsb28YtIa7U
kfx,luk,9,https://youtu.be/tgboqqgK030
kfx,luk,10,https://youtu.be/0lOvrHUBnVo
kfx,luk,10,https://youtu.be/SfDwP0cKf9U
kfx,luk,11,https://youtu.be/Z2yNFZBt_WA
kfx,luk,11,https://youtu.be/wvrZ9Fzw00M
kfx,luk,11,https://youtu.be/PTMv5oSjzmE
kfx,luk,12,https://youtu.be/U3h0jH-INt0
kfx,luk,12,https://youtu.be/9OOBgSiSD6Y
kfx,luk,13,https://youtu.be/_XgC_Nxth4E
kfx,luk,13,https://youtu.be/_b6PGAZPxEc
kfx,luk,14,https://youtu.be/HPHa34R0BJw
kfx,luk,14,https://youtu.be/pbjjgzEOieA
kfx,luk,15,https://youtu.be/AQ4MGGJvCSI
kfx,luk,15,https://youtu.be/bwWtadUPw7M
kfx,luk,16,https://youtu.be/0wYSbHrKYYg
kfx,luk,16,https://youtu.be/DlxB-Gqw4o0
kfx,luk,17,https://youtu.be/u-b3nP-ckMQ
kfx,luk,17,https://youtu.be/AwxTgWJyWdI
kfx,luk,18,https://youtu.be/NodvKPFJ2P4
kfx,luk,18,https://youtu.be/MxGVSKH1W_Q
kfx,luk,19,https://youtu.be/lHCRwKrhLTA
kfx,luk,19,https://youtu.be/kPzdahDOdpg
kfx,luk,20,https://youtu.be/5KcetG5QTtE
kfx,luk,20,https://youtu.be/Bw21F0ZOfzc
kfx,luk,21,https://youtu.be/_m2XuBAnvw8
kfx,luk,21,https://youtu.be/ejsgEyhBe04
kfx,luk,22,https://youtu.be/c8_ksUmTmqo
kfx,luk,22,https://youtu.be/pbxpUX6HeHk
kfx,luk,23,https://youtu.be/cfbbNsZaoFI
kfx,luk,23,https://youtu.be/_eMJeEc6CRo
kfx,luk,23,https://youtu.be/SpGnpHxuk88
kfx,luk,24,https://youtu.be/9iCfmkYuFoM
kfx,luk,24,https://youtu.be/ap7E88b6fes
mjl,luk,1,https://youtu.be/Oh8QFTkJldI
mjl,luk,1,https://youtu.be/ShQfLX0EwnM
mjl,luk,1,https://youtu.be/MdWBq2M-hYk
mjl,luk,2,https://youtu.be/xAaw1b5P80c
mjl,luk,2,https://youtu.be/7A5ss-wSDwU
mjl,luk,3,https://youtu.be/l6KqGeW8XSI
mjl,luk,3,https://youtu.be/huwHWSdo-zc
mjl,luk,4,https://youtu.be/oCT97kHCLNQ
mjl,luk,4,https://youtu.be/ki53KLOUVQQ
mjl,luk,5,https://youtu.be/zbQZ-wPG6kI
mjl,luk,5,https://youtu.be/CwqX21aWrXc
mjl,luk,6,https://youtu.be/e3kcHx2Bj1M
mjl,luk,6,https://youtu.be/c-6lvOqEVVA
mjl,luk,6,https://youtu.be/gNNKaL948Gw
mjl,luk,7,https://youtu.be/ZJtCLn2QFeI
mjl,luk,7,https://youtu.be/jSmf5i6Pm2M
mjl,luk,7,https://youtu.be/cB6RM8BXqlA
mjl,luk,8,https://youtu.be/6K2_jLupVEc
mjl,luk,8,https://youtu.be/o_WScIckwUk
mjl,luk,8,https://youtu.be/-IncV0ppkRQ
mjl,luk,9,https://youtu.be/qRTKLE0gZvg
mjl,luk,9,https://youtu.be/nr-6jAquFo0
mjl,luk,9,https://youtu.be/GByk3kJAPkg
mjl,luk,10,https://youtu.be/McG3MTslJmk
mjl,luk,10,https://youtu.be/IQAlOdrOStY
mjl,luk,11,https://youtu.be/rOVB5MGULSU
mjl,luk,11,https://youtu.be/WQ5eN2GJ7u0
mjl,luk,11,https://youtu.be/ZwnWdBcQIiY
mjl,luk,12,https://youtu.be/iU7k2ZokUR8
mjl,luk,12,https://youtu.be/kPV1MkpmrnU
mjl,luk,13,https://youtu.be/m5Othe0URF4
mjl,luk,13,https://youtu.be/5eKFbzdDreQ
mjl,luk,14,https://youtu.be/oUoiTUmoq6s
mjl,luk,14,https://youtu.be/gNbJ1Y5clY0
mjl,luk,15,https://youtu.be/PtkX8JtvnzU
mjl,luk,15,https://youtu.be/udYnN8HbhZY
mjl,luk,16,https://youtu.be/erP2rsliKVg
mjl,luk,16,https://youtu.be/ardsqtxQkho
mjl,luk,17,https://youtu.be/rWdVmmt5AaQ
mjl,luk,17,https://youtu.be/WwVX5UTdq9g
mjl,luk,18,https://youtu.be/jtBtV6exb3Q
mjl,luk,18,https://youtu.be/AiDfy6Tn5Mw
mjl,luk,19,https://youtu.be/Sq9pSwxSXno
mjl,luk,19,https://youtu.be/6els5QhL-NM
mjl,luk,20,https://youtu.be/jBXDdj43hfA
mjl,luk,20,https://youtu.be/TafE1EhF78U
mjl,luk,21,https://youtu.be/RJGIFRpIrz0
mjl,luk,21,https://youtu.be/pixUFCh87y4
mjl,luk,22,https://youtu.be/DX-ZfesxvBs
mjl,luk,22,https://youtu.be/4h_sb0yPC28
mjl,luk,23,https://youtu.be/LoBZlc0bdvY
mjl,luk,23,https://youtu.be/peW-LBr4Owc
mjl,luk,23,https://youtu.be/3ozx2WGg0kI
mjl,luk,24,https://youtu.be/9ASBVtt-vKg
mjl,luk,24,https://youtu.be/zJieXFBEgqI
bfz,luk,1,https://youtu.be/V3K_Oyi5GtY
bfz,luk,1,https://youtu.be/bA1-gdsIRPE
bfz,luk,1,https://youtu.be/kDdeMkj9L28
bfz,luk,2,https://youtu.be/EBXbdILkSqg
bfz,luk,2,https://youtu.be/Vkm81aePRMY
bfz,luk,3,https://youtu.be/9tsHLfiMZTw
bfz,luk,3,https://youtu.be/BW8BdO0pHHA
bfz,luk,4,https://youtu.be/vRmQUa_oxOg
bfz,luk,4,https://youtu.be/Y2433DF0mgc
bfz,luk,5,https://youtu.be/pBZ3_9KdH9g
bfz,luk,5,https://youtu.be/KlFs3VQ4RAI
bfz,luk,6,https://youtu.be/p-dyh6OZW_U
bfz,luk,6,https://youtu.be/orJRLNvYQQQ
bfz,luk,6,https://youtu.be/lC51xxNONtA
bfz,luk,7,https://youtu.be/1huhPQjubG0
bfz,luk,7,https://youtu.be/-1TRwUAAcsQ
bfz,luk,7,https://youtu.be/ldQNK1VF76g
bfz,luk,8,https://youtu.be/SMhoUMxMsG0
bfz,luk,8,https://youtu.be/U0oaBletw3Y
bfz,luk,8,https://youtu.be/glN6e9NujlA
bfz,luk,9,https://youtu.be/hACmzik6ZnA
bfz,luk,9,https://youtu.be/_ubhuvsqrPs
bfz,luk,9,https://youtu.be/QahvcvlIYF4
bfz,luk,10,https://youtu.be/jwIbohnjh1k
bfz,luk,10,https://youtu.be/u1JYI10Xeq8
bfz,luk,11,https://youtu.be/HfDyRJ850Fw
bfz,luk,11,https://youtu.be/x5U_F5TgTR4
bfz,luk,11,https://youtu.be/qeQ2LGF9ufM
bfz,luk,12,https://youtu.be/aD5NwAQB5j0
bfz,luk,12,https://youtu.be/joWFhvk7acw
bfz,luk,13,https://youtu.be/jwR656wCjHA
bfz,luk,13,https://youtu.be/qBKSEViwXus
bfz,luk,14,https://youtu.be/59GpTUonWdQ
bfz,luk,14,https://youtu.be/OdRRhqo9gsg
bfz,luk,15,https://youtu.be/1f8f85eAFww
bfz,luk,15,https://youtu.be/FVGobwTIr6c
bfz,luk,16,https://youtu.be/dyFQAvrdXX8
bfz,luk,16,https://youtu.be/k-mbaC273y0
bfz,luk,17,https://youtu.be/Ku9ICq_uvQM
bfz,luk,17,https://youtu.be/h3Gk_vuMYwY
bfz,luk,18,https://youtu.be/LBRnf9EzQNM
bfz,luk,18,https://youtu.be/CbcjUp4_G5M
bfz,luk,19,https://youtu.be/EQUbGvt5crQ
bfz,luk,19,https://youtu.be/M8mLnqM_MfU
bfz,luk,20,https://youtu.be/WO2jOKeldsc
bfz,luk,20,https://youtu.be/vGptvw1oATk
bfz,luk,21,https://youtu.be/AoOOxbHaxRg
bfz,luk,21,https://youtu.be/LB-hXqseCto
bfz,luk,22,https://youtu.be/HaANQOUmL18
bfz,luk,22,https://youtu.be/xIrtgnFB9CM
bfz,luk,23,https://youtu.be/mnLL5PA2K5A
bfz,luk,23,https://youtu.be/xsxoCA5655M
bfz,luk,23,https://youtu.be/tvpR0BJuskk
bfz,luk,24,https://youtu.be/K5_wSdSS-Pg
bfz,luk,24,https://youtu.be/tKhNq67dn48
